No,EventCodeEnum,Value,Used,Notify,Description
1,UNDEFINED,0x00000000,,,
2,NONE,0x00000001,,,
3,UNKNOWN_EXCEPTION,0x00000002,,,
4,INVALID_CAMERA_CHANNEL,0x00000003,,,
5,IO_DEV_CONN_ERROR,0x00000100,,,
6,IO_DEV_LIB_ERROR,0x00000110,,,
7,IO_PORT_ERROR,0x00000120,,,
8,IO_TIMEOUT_ERROR,0x00000130,,,
9,IO_PARAM_ERROR,0x00000140,,,
10,IO_NOT_MATCHED,0x00000141,,,
11,PARAM_ERROR,0x00001000,,,
12,NOT_EXIST_DEVICE,0x00001001,,,
13,WAFER_SKIP,0x00001011,,,
14,PARAM_INSUFFICIENT,0x00001012,,,
15,SAVE_PARAM,0x00001013,,,
16,DUPLICATE_INVOCATION,0x00001014,,,
17,EXCEPTION,0x00001015,,,
18,GP_CARD_STUCK,0x00001016,,,
19,WAFER_SIZE_ERROR,0x00001017,,,
20,SYSTEM_FILE_MISSING,0x00001018,,,
21,HARD_DISK_FULL,0x00001019,,,
22,DIRECTORY_PATH_ERROR,0x0000101A,,,
23,INVALID_PARAMETER_FIND,0x0000101B,,,
24,DEVICE_CHANGE_FAIL,0x0000101C,,O,
25,PROXY_STATE_NOT_OPEN_ERROR,0x0000101D,,,
26,PAUSED_BY_OTHERS,0x0000101E,,,
27,TRANSFER_ALREADY_EXIST_ON_CHUCK,0x0000101F,,,
28,PARAM_SET_EQUAL_VALUE,0x00001020,,,
29,PARAM_SET_INVALID_OUT_OF_RANGE,0x00001021,,,
30,STATE_TRANSITION_OK,0x00001022,,,
31,STATE_TRANSITION_SKIP,0x00001023,,,
32,ERROR_END,0x00001024,,,
33,BEHAVIOR_END,0x00001025,,,
34,CHECK_FOUP_MODE_DISABLE,0x00001026,,,
35,TRASNFER_TARGET_INVALID,0x00001027,,,
36,STAGE_DISCONNECTED,0x00001028,,,
37,INVALID_ACCESS,0x00001029,,,
38,VISION_SAVEIMAGE_ERROR,0x00001800,,,
39,GRAB_USER_CANCEL,0x00001850,,,
40,DLL_NOT_FOUND,0x00001900,,,
41,WAFER_CHANGE_AUTOFEED_ERROR_BOTH_ARMS_UNAVAILABLE,0x00002800,,,
42,WAFER_CHANGE_AUTOFEED_ERROR_SAME_MODULE_DEFINITION,0x00002801,,,
43,WAFER_CHANGE_AUTOFEED_ERROR_ALL_PA_UNAVAILABLE,0x00002802,,,
44,WAFER_CHANGE_AUTOFEED_LOADPORT_SCAN_STATE_FAILURE,0x00002803,,,
45,WAFER_CHANGE_AUTOFEED_FIXEDTRAY_NOT_AVAILABLE,0x00002804,,,
46,WAFER_CHANGE_AUTOFEED_WAFER_DUPLICATION_FAILURE,0x00002805,,,
47,WAFER_CHANGE_AUTOFEED_WAFER_ANOTHER_MODULE,0x00002806,,,
48,WAFER_CHANGE_AUTOFEED_FIXEDTRAY_NOT_ASSIGN_POLISH_TYPE,0x00002807,,,
49,WAFER_CHANGE_AUTOFEED_VALIDATION_FAULURE,0x00002808,,,
50,WAFER_CHANGE_AUTOFEED_LOADER_HANDLING_ERROR,0x00002809,,,
51,WAFER_CHANGE_AUTOFEED_LOCATION_WAFER_STATUS_NOT_EXIST,0x00002810,,,
52,WAFER_CHANGE_AUTOFEED_WAFER_ASSIGNED_TO_LOT,0x00002811,,,
53,VISION_EXCEPTION,0x00010000,,,
54,VISION_CAMERA_CHANGE_ERROR,0x00010001,,O,
55,VISION_PROC_EXCEPTION,0x00010002,,,
56,VISION_PM_EXCEPTION,0x00010003,,,
57,VISION_BLOB_EXCEPTION,0x00010004,,,
58,VISION_PM_NOT_DEFINED_ERROR,0x00010100,,,
59,VISION_PM_NOT_FOUND,0x00010101,,,
60,VISION_PM_MULTIPLE_OCCURENCES,0x00010102,,,
61,VISION_PM_MODEL_NOT_FOUND,0x00010103,,,
62,VISION_PM_ANGLE_OVRTOL,0x00010104,,,
63,VISION_PM_BOUNDARY_ERROR,0x00010105,,,
64,VISION_PM_MULIT_FOUND,0x00010106,,,
65,VISION_PATTERN_NOTEXIST,0x00010107,,,
66,VISION_BLOB_NOT_DEFINED_ERROR,0x00011000,,,
67,VISION_BLOB_NOT_FOUND,0x00011001,,,
68,VISION_BLOB_AREA_MULTIPLE_OCCURENCES,0x00011002,,,
69,VISION_BLOB_AREA_OVER,0x00011003,,,
70,VISION_BLOB_AREA_UNDER,0x00011004,,,
71,NODATA,0x00011111,,,
72,FOCUS_NOT_DEFINED_ERROR,0x00012000,,,
73,FOCUS_NOT_FOUND,0x00012001,,,
74,FOCUS_FAILED,0x00012002,,,
75,FOCUS_VALUE_ERROR,0x00012003,,,
76,FOCUS_VALUE_THRESHOLD,0x00012004,,,
77,FOCUS_VALUE_FLAT,0x00012005,,,
78,FOCUS_VALUE_DUALPEAK,0x00012006,,,
79,TOUCH_SENSOR_NOT_DETECTED,0x00012007,,,
80,FOCUS_VALUE_SINGLEPEAK,0x00012008,,,
81,FOCUS_VALUE_PEAKRANGEOVER,0x00012009,,,
82,FOCUS_PARAMETER_INVALID,0x00012010,,,
83,FOCUS_MODEL_NOT_EXIST,0x00012011,,,
84,FOCUS_PARAM_NOT_EXIST,0x00012012,,,
85,FOCUS_POS_NEAREDGE,0x00012013,,,
86,TOUCH_SENSOR_DETECTED_ERROR,0x00012014,,,
87,PIN_NOT_FIND,0x00013000,,,
88,PIN_ALIGN_FAILED,0x00013001,,O,
89,PIN_LOWKEY_FAILED,0x00013002,,,
90,PIN_NOT_ENOUGH,0x00013003,,O,
91,PIN_INVAILD_STATUS,0x00013004,,,
92,PIN_CANCEL_PINALIGNMENT,0x00013005,,,
93,PIN_USER_INTERRUPT,0x00013006,,,
94,PIN_SW_LIMIT,0x00013007,,,
95,PIN_REF_REG_FAIL,0x00013008,,,
96,PIN_LOW_TEACH_REF_PIN_FAIL,0x00013009,,,
97,PIN_LOW_TEACH_TARGET_PIN_FAIL,0x00013010,,,
98,PIN_LOW_FOCUS_FAILED,0x00013011,,,
99,PIN_LOW_PATTERN_LOAD_FAILED,0x00013012,,,
100,PIN_LOW_PATTERN_FAILED,0x00013013,,,
101,PIN_LOW_PATTERN_SAVED_FAILED,0x00013014,,,
102,PIN_FIND_PIN_FAIL,0x00013015,,O,
103,PIN_CALC_NEEDLE_POS_FAIL,0x00013016,,,
104,PIN_FOCUS_FAILED,0x00013017,,O,
105,PIN_FIND_CENTER_FAIL,0x00013018,,,
106,PIN_GROUP_FAIL,0x00013019,,,
107,PIN_DIRECTSTOP_PINFAIL,0x00013020,,,
108,PIN_FAIL_PERCENT_TOLERANCE,0x00013021,,,
109,PIN_EXEED_POS_TOLERANCE,0x00013022,,,
110,PIN_EXEED_MINMAX_TOLERANCE,0x00013023,,O,
111,PIN_CARD_CENTER_TOLERANCE,0x00013024,,O,
112,PIN_PAD_MATCH_FAIL,0x00013025,,O,
113,PIN_VIRTUAL_POS_TOLERANCE,0x00013026,,,
114,PIN_INVALID_PINSTEP,0x00013027,,,
115,PIN_INVAILD_CAM_RATIO,0x00013028,,,
116,PIN_TILT_TRIGGER,0x00013029,,,
117,PIN_PROBEHEAD_PLANARITY_ERROR,0x00013030,,,
118,PIN_EACH_PIN_TOLERANCE_FAIL,0x00013031,,O,
119,PIN_REGISTRATION_FAIL,0x00013032,,,
120,PIN_LOW_OVER_TOLERENCE,0x00013033,,,
121,PIN_INVALID_PAD_DATA,0x00013034,,,
122,PIN_OVER_ANGLE_TOLERANCE,0x00013035,,,
123,PIN_INVALID_LIST,0x00013036,,,
124,PIN_ALIGN_VERIFY_ERROR,0x00013037,,,
125,PIN_CENTER_POSITION_EXCEED_TOLERANCE,0x00013038,,,
126,PIN_BLOB_POSITION_EXCEED_TOLERANC,0x00013039,,,
127,PIN_ALIGN_FAILED_AFTER_SOAKING,0x00013040,,,
128,PIN_TEACH_FAILED,0x00013041,,,
129,PIN_HIGH_KEY_INVAILD,0x00013042,,,
130,PIN_TIP_ALIGN_FAILED,0x00013043,,,
131,PIN_TIP_ALIGN_PASSED,0x00013044,,,
132,PIN_TIP_BASE_DISTANCE_TOLERANCE,0x00013045,,,
133,SAMPLE_PIN_ALIGN_PASSED,0x00013046,,,
134,PIN_MANUALOPERATION_COMMAND_REJECTED,0x00013047,,,
135,PIN_TIP_SIZE_VALIDATION_FAIL,0x00013048,,O,
136,TOLERANCE_EACHPIN_FAIL,0x00014000,,,
137,TOLERANCE_MINMAX_FAIL,0x00014001,,,
138,TOLERANCE_CARDCENTER_FAIL,0x00014002,,,
139,MOTION_MOVING_ERROR,0x00015000,,,
140,MOTION_MOTIONDONE_ERROR,0x00015001,,O,
141,MOTION_TIMEOUT_ERROR,0x00015002,,,
142,MOTION_EVENTDONE_ERROR,0x00015019,,,
143,MOTION_MONITOR_ERROR,0x00015020,,,
144,MOTION_CONFIGCAPTURE_ERROR,0x00015021,,,
145,MOTION_CAPTURE_ERROR,0x00015022,,,
146,MOTION_CHUCKTILT_ERROR,0x00015023,,O,
147,MOTION_DANGEROUS_POS,0x00015024,,O,
148,MOTION_REGISTRATION_RANGE_WAFER_ERROR,0x00015025,,,
149,MOTION_INVALID_AXIS_OBJECT_ERROR,0x00015026,,,
150,MOTION_INIT_ERROR,0x00015027,,,
151,MOTION_ABS_MOVING_ERROR,0x00015028,,,
152,MOTION_PAUSE_ERROR,0x00015029,,,
153,MOTION_REL_MOVING_ERROR,0x00015030,,,
154,MOTION_STOP_ERROR,0x00015031,,,
155,MOTION_DEINIT_ERROR,0x00015032,,,
156,MOTION_GET_VELOCITY_ERROR,0x00015033,,,
157,MOTION_POS_SW_LIMIT_ERROR,0x00015101,,O,
158,MOTION_NEG_SW_LIMIT_ERROR,0x00015102,,O,
159,MOTION_DISABLE_AXIS_ERROR,0x00015103,,,
160,MOTION_AMPFAULT_CLEAR_ERROR,0x00015104,,,
161,MOTION_ENABLE_AXIS_ERROR,0x00015105,,,
162,MOTION_APPLYAXISCONFIG_ERROR,0x00015106,,,
163,MOTION_GETPOSITION_ERROR,0x00015107,,,
164,MOTION_GETPULSE_ERROR,0x00015108,,,
165,MOTION_GETAXISINPUTS_ERROR,0x00015110,,,
166,MOTION_GET_AXIS_STATE_ERROR,0x00015111,,,
167,MOTION_GETCAPTURESTATUS_ERROR,0x00015112,,,
168,MOTION_GET_AXIS_STATUS_ERROR,0x00015113,,,
169,MOTION_HOMING_ERROR,0x00015115,,O,
170,MOTION_SETTING_ERROR,0x00015116,,,
171,MOTION_SETPOSITION_ERROR,0x00015117,,,
172,MOTION_SETPULSE_ERROR,0x00015118,,,
173,MOTION_GET_COMMAND_POSITION_ERROR,0x00015134,,,
174,MOTION_GET_COMMAND_PULSE_ERROR,0x00015135,,,
175,MOTION_GET_ACTUAL_POSITION_ERROR,0x00015136,,,
176,MOTION_GET_ACTUAL_PULSE_ERROR,0x00015137,,,
177,MOTION_VMOVING_ERROR,0x00015138,,,
178,MOTION_FATAL_ERROR,0x00015139,,,
179,MOTION_STAGE_INIT_ERROR,0x00015140,,O,
180,MOTION_LOADER_INIT_ERROR,0x00015141,,,
181,MOTION_STAGESTATE_NOT_IDLE,0x00015142,,,
182,MOTION_ERROR_LIMIT_POSITION_ERROR,0x00015143,,,
183,MOTION_RESUME_ERROR,0x00015144,,,
184,MOTION_REGISTRATION_RANGE_PIN_ERROR,0x00015145,,,
185,MOTION_REGISTRATION_RANGE_TOUCHSENSOR_ERROR,0x00015146,,,
186,MOTION_UNAVAILABLE_AXIS_ERROR,0x00015147,,,
187,MOTION_CONFIG_FILE_LOADING_FAIL,0x00015148,,O,
188,MOTION_CARD_POD_MODULE_IS_ABOVE_THE_CHUCK,0x00015149,,,
189,MOTION_THREE_LEG_UP_ERROR,0x00015150,,,
190,MOTION_THREE_LEG_DOWN_ERROR,0x00015151,,,
191,MOTION_THREE_POD_LOAD_UNBALANCE_ERROR,0x00015152,,O,
192,WAFER_ALING_FAIL,0x00017000,,O,
193,WA_CONTROL_FAIL,0x00017001,,,
194,WAFER_SETUP_PROCEDURE_EROOR,0x00017002,,,
195,WAFER_NOT_EXIST_EROOR,0x00017003,,,
196,WAFERALIGN_MODULE_STATE_CANTRUN,0x00017004,,,
197,WAFERALIGN_USER_CANCEL,0x00017005,,,
198,WAFERALIGN_LOAD_ANGLE_OVER_TOLERANCE,0x00017006,,,
199,WAFER_NOT_STANDARD_TYPE,0x00017007,,,
200,WAFERALIGN_TEMP_DEVIATION_OUTOFRANGE,0x00017008,,,
201,WAFERALIGN_MANUALOPERATION_COMMAND_REJECTED,0x00017009,,,
202,WAFERTHICKNESS_VALIDATION_FAILED,0x00017010,,,
203,WAFER_EDGE_NOT_FOUND,0x00017100,,O,
204,EDGE_SKIPED,0x00017101,,,
205,WAFER_PATTERN_INTERVALINDEX_NOT_FOUND,0x00017201,,,
206,WAFER_JUMPINDEX_NOT_FOUND,0x00017202,,,
207,WAFER_COMPARE_JUMPINDEX_FAILED,0x00017203,,,
208,THETA_ALIGN_PATTERN_VALIDATION_TESTING_FAILED,0x00017204,,,
209,REGISTE_PATTERN_FAILED,0x00017205,,,
210,THETA_ALIGN_USER_CANCEL,0x00017206,,,
211,PATTERN_SIZE_ERROR,0x00017207,,,
212,WAFER_ALIGN_THETA_COMPENSATION_FAIL,0x00017208,,O,
213,WAFER_ALIGN_PLANARITY_OVER_TOLERANCE,0x00017209,,,
214,WAFER_ALIGN_CONFIRM_CENTER_DIE_FAIL,0x00017210,,,
215,WAFER_FOCUSING_FAILED_AFTER_SOAKING,0x00017211,,,
216,WAFER_ALIGN_FAIL_MARK_DIFF_TOLERANCE,0x00017212,,,
217,VERIFYALIGN_OVERFLOW_LIMIT,0x00017301,,,
218,WAFER_LOW_PATTERN_INTERVALINDEX_ERROR,0x00017401,,,
219,WAFER_LOW_PATTERN_NOT_FOUND,0x00017402,,O,
220,WAFER_LOW_FOCUSING_FAIL,0x00017403,,O,
221,WAFER_HIGH_PATTERN_INTERVAL_X_INDEX_ERROR,0x00017501,,,
222,WAFER_HIGH_PATTERN_INTERVAL_Y_INDEX_ERROR,0x00017502,,,
223,WAFER_HIGH_PATTERN_NOT_FOUND,0x00017503,,O,
224,WAFER_HIGH_FOCUSING_FAIL,0x00017504,,O,
225,AUTO_MAP_GERNERATE_USER_CANCEL,0x00017651,,,
226,WAFER_INDEX_ALIGN_FAIL,0x00017671,,O,
227,WAFER_INDEX_ALIGN_FOCUSING_FAIL,0x00017672,,,
228,WAFER_INDEX_ALIGN_PATTERN_NOT_FOUND,0x00017701,,O,
229,FIRST_PAD_NOT_INCLUDE_FIRST_DUT,0x00017801,,,
230,PAD_REGISTRATION_FAILED,0x00017802,,,
231,PAD_AUTOCOMP_PM_FAILED,0x00017803,,,
232,PAD_AUTOCOMP_OUT_OF_TOL,0x00017804,,,
233,WAFER_HEIGHT_PROFILE_FAIL,0x00017805,,,
234,PTPA_FAIL,0x00018000,,,
235,PTPA_OUT_OF_TOLERENCE,0x00018001,,,
236,PTPA_PIN_NOT_ENOUGH,0x00018002,,,
237,PTPA_PAD_NOT_ENOUGH,0x00018003,,,
238,PTPA_WRONG_PAD_NUMBER,0x00018004,,,
239,PTPA_WRONG_DUT_NUMBER,0x00018005,,,
240,NEEDLE_CLEANING_OVER_CYCLE_LIMIT,0x00019000,,,
241,NEEDLE_CLEANING_OVER_CONTACT_COUNT_LIMIT,0x00019001,,,
242,NEEDLE_CLEANING_NOT_ENOUGH_AREA,0x00019002,,,
243,NEEDLE_CLEANING_NOT_READY,0x00019003,,,
244,NEEDLE_CLEANING_UNKNOWN_EXCEPTION,0x00019004,,,
245,NEEDLE_CLEANING_HEIGHT_OVER_TOLERANCE,0x00019005,,,
246,NEEDLE_CLEANING_PLANARITY_OVER_TOLERANCE,0x00019006,,,
247,NEEDLE_CLEANING_TYPE_MISMATCH,0x00019008,,,
248,NEEDLE_CLEANING_UNIT_DOWN_FAILURE,0x00019009,,,
249,NEEDLE_CLEANING_UNIT_UP_FAILURE,0x00019010,,,
250,NEEDLE_CLEANING_INVALID_CONTACT_COUNT,0x00019011,,,
251,NEEDLE_CLEANING_PIN_ALIGNMENT_NOT_DONE,0x00019012,,,
252,NEEDLE_CLEANING_PIN_ALIGNMENT_COMMAND_REJECTED,0x00019013,,,
253,NEEDLE_CLEANING_MARK_ALIGN_NOT_READY,0x00019014,,,
254,MARK_ALGIN_PATTERN_MATCH_FAILED,0x00020001,,O,
255,MARK_ALIGN_FOCUSING_FAILED,0x00020002,,O,
256,MARK_ALIGN_MOVE_ERROR,0x00020003,,O,
257,MARK_ALIGN_SHIFT,0x00020004,,O,
258,MARK_ALIGN_FAIL,0x00020005,,O,
259,AIRBLOW_CLEANING_ERROR,0x00021000,,,
260,AIRBLOW_TEMPERATURE_CONTROL_ERROR,0x00021001,,,
261,AIRCOOLING_ERROR,0x00021002,,,
262,TOUCH_SENSOR_NOT_READY,0x00022001,,,
263,POLISHWAFER_CLEANING_PIN_ALIGNMENT_NOT_DONE,0x00023001,,,
264,POLISHWAFER_CLEANING_PIN_ALIGNMENT_COMMAND_REJECTED,0x00023002,,,
265,POLISHWAFER_CLEANING_PIN_ALIGNMENT_COMMAND_DISAPPERED,0x00023003,,,
266,POLISHWAFER_CLEANING_MARGIN_EXCEEDED,0x00023004,,,
267,POLISHWAFER_MANUALOPERATION_COMMAND_REJECTED,0x00023005,,,
268,POLISHWAFER_INCORRECT_ON_CHUCK,0x00023006,,,
269,POLISHWAFER_SUSPEND_ON_CHUCK,0x00023007,,,
270,POLISHWAFER_CLEANING_MAKE_SEQUENCE_FAILED,0x00023008,,,
271,POLISHWAFER_EXIST_INTERVAL,0x00023009,,,
272,POLISHWAFER_NOT_EXIST_INTERVAL,0x0002300A,,,
273,POLISHWAFER_EXIST_CLEANING,0x0002300B,,,
274,POLISHWAFER_NOT_EXIST_CLEANING,0x0002300C,,,
275,POLISHWAFER_NO_WAFER_AVAILABLE,0x0002300D,,,
276,POLISHWAFER_CENTERING_ERROR,0x0002300E,,O,
277,POLISHWAFER_FOCUSING_ERROR,0x0002300F,,O,
278,POLISHWAFER_CLEAING_ERROR,0x00023010,,,
279,POLISHWAFER_GET_NEXT_POSITION_FAIL,0x00023011,,,
280,POLISHWAFER_CAN_NOT_PERFORMED,0x00023012,,O,
281,POLISHWAFER_CLEANING_DATA_REMAIN,0x00023013,,,
282,POLISHWAFER_NO_CLEANING_DATA_REMAIN,0x00023014,,,
283,POLISHWAFER_ASSIGN_FAIL,0x00023015,,,
284,CHILLER_WAITTEMP_TIME_OUT,0x00027001,,,
285,SOAKING_ERROR,0x00030000,,O,
286,AUTOSOAKING_ERROR,0x00030001,,,
287,SOAKING_TOLERANCE_ERROR,0x00030002,,,
288,EVENTSOAKING_ERROR,0x00030003,,,
289,SOAKING_CANCLE,0x00030004,,,
290,SOAKING_FAILED_GET_SOAKING_DATA,0x00030005,,,
291,SOAKING_PROCESSED_SOAKINGTIME_WRONG,0x00030006,,,
292,SOAKING_ERROR_NULL_DATA,0x00030007,,,
293,SOAKING_NEED_PINALIGN,0x00030008,,,
294,SOAKING_NEED_WAFERALIGN,0x00030009,,,
295,SOAKING_NEED_PIN_WAFERALIGN,0x0003000A,,,
296,SOAKING_ERROR_WRONG_DATA,0x0003000B,,,
297,SOAKING_ERROR_SET_CMD,0x0003000C,,,
298,SOAKING_ERROR_MANUAL_SOAK,0x0003000D,,,
299,SOAKING_ERROR_CAN_NOT_MANUAL_SOAK,0x0003000E,,,
300,SOAKING_ERROR_THERE_IS_NO_MANUAL_SOAK,0x0003000F,,,
301,SOAKING_ERROR_PREPARE_ALREADY_WORKING,0x00030010,,,
302,SOAKING_ERROR_RECOVERY_ALREADY_WORKING,0x00030011,,,
303,SOAKING_ERROR_MAINTAIN_ALREADY_WORKING,0x00030012,,,
304,SOAKING_ERROR_MANUAL_ALREADY_WORKING,0x00030013,,,
305,SOAKING_ERROR_ALREADY_WORKING,0x00030014,,,
306,SOAKING_ERROR_NOT_MAINTENANCE_MODE,0x00030015,,,
307,SOAKING_ERROR_IDLE_PINALIGN,0x00030016,,O,
308,SOAKING_ERROR_IDLE_WAFERALIGN,0x00030017,,O,
309,SOAKING_ERROR_PARAMETER_INVALID,0x00030018,,,
310,SOAKING_ERROR_SUSPEND_OVERTIME,0x00030019,,,
311,COGNEX_DONESTATE,0x00031000,,,
312,COGNEX_READINGSTATE,0x00031001,,,
313,COGNEX_CONFIG_INVALID,0x00031002,,,
314,COGNEX_SCORE_IS_UNDER_CUTLINE,0x00031003,,,
315,COGNEX_IS_MANUAL,0x00031004,,,
316,COGNEX_OUT_OF_MODULE_INDEX,0x00031005,,,
317,COGNEX_ABORT,0x00031006,,,
318,OCR_READ_FAIL,0x00031007,,O,
319,OCR_READ_FAIL_MANUAL,0x00031008,,O,
320,OCR_CHECKSUM_FAIL,0x00031009,,O,
321,OCR_RETRY_FAIL,0x0003100A,,,
322,OCR_AUTO_CALIBRATION_FAIL,0x0003100B,,,
323,OCR_NOT_MATCHED_CASSETTE_SLOT,0x0003100C,,,
324,OCR_NOT_MATCHED_LOT_NAME,0x0003100D,,,
325,OCR_RESULT_ALREADY_PROBED_WAFERID,0x0003100E,,,
326,LOADER_ARM_TO_BUFFER_TRANSFER_ERROR,0x00031100,,O,
327,LOADER_ARM_TO_STAGE_TRANSFER_ERROR,0x00031101,,O,
328,LOADER_ARM_TO_FIXED_TRANSFER_ERROR,0x00031102,,O,
329,LOADER_ARM_TO_INSP_TRANSFER_ERROR,0x00031103,,O,
330,LOADER_ARM_TO_PREALIGN_TRANSFER_ERROR,0x00031104,,O,
331,LOADER_ARM_TO_SLOT_TRANSFER_ERROR,0x00031105,,O,
332,LOADER_BUFFER_TO_ARM_TRANSFER_ERROR,0x00031106,,O,
333,LOADER_CARM_TO_CBUFFER_TRANSFER_ERROR,0x00031107,,O,
334,LOADER_CARM_TO_STAGE_TRANSFER_ERROR,0x00031108,,O,
335,LOADER_CARM_TO_CARDTRAY_TRANSFER_ERROR,0x00031109,,O,
336,LOADER_CBUFFER_TO_CARM_TRANSFER_ERROR,0x00031110,,O,
337,LOADER_STAGE_TO_CARM_TRANSFER_ERROR,0x00031111,,O,
338,LOADER_TRAY_TO_CARM_TRANSFER_ERROR,0x00031112,,O,
339,LOADER_STAGE_TO_ARM_TRANSFER_ERROR,0x00031113,,O,
340,LOADER_FIXED_TO_ARM_TRANSFER_ERROR,0x00031114,,O,
341,LOADER_INSP_TO_ARM_TRANSFER_ERROR,0x00031115,,O,
342,LOADER_PREALIGN_TO_ARM_TRANSFER_ERROR,0x00031116,,O,
343,LOADER_SLOT_TO_ARM_TRANSFER_ERROR,0x00031117,,O,
344,LOADER_SYSTEM_ERROR,0x00032000,,,
345,LOADER_STATE_INVALID,0x00032001,,,
346,LOADER_WAFER_MISSED_ON_ARM,0x00032002,,O,
347,FOUP_ERROR,0x00032003,,O,
348,FOUP_ILLEGAL,0x00032004,,,
349,FOUP_PARAM_ERROR,0x00032005,,,
350,FOUP_SCAN_FAILED,0x00032006,,O,
351,FOUP_SCAN_NOTDETECT,0x00032007,,O,
352,FOUP_SCAN_WAFEROUT,0x00032008,,O,
353,FOUP_TIMEOUT,0x00032009,,,
354,RECIVE_WRONG_RESULT_DATA,0x00032010,,,
355,GPIB_READ_FAIL,0x00032011,,,
356,GPIB_READ_FAIL,0x00032011,,,
357,NOT_PNPMODULE,0x00032012,,,
358,INITVIEWMODEL_EXCEPTION,0x00032013,,,
359,PAGE_SWITCHED_EXCEPTION,0x00032014,,,
360,SUB_RECOVERY,0x00032015,,,
361,SUB_SKIP,0x00032016,,,
362,SUB_ERROR,0x00032017,,,
363,SUB_SUSPEND,0x00032018,,,
364,LOADER_CST_FAILED,0x00032020,,,
365,FOUP_OPEN_ERROR,0x00032021,,O,
366,FOUP_CLOSE_ERROR,0x00032022,,O,
367,FOUP_LOAD_ERROR,0x00032023,,O,
368,FOUP_UNLOAD_ERROR,0x00032024,,O,
369,CASSETTE_NOT_READY,0x00032025,,,
370,CASSETTE_LOCK_ERROR,0x00032026,,O,
371,CASSETTE_UNLOCK_ERROR,0x00032027,,O,
372,CASSETTE_UNDOCK_COMMAND_REJECTED,0x00032028,,,
373,FOUP_SEQUENCE_END,0x00032029,,,
374,LOADER_PA_FAILED,0x00032030,,O,
375,FOUP_SEQUENCE_NULL,0x00032039,,,
376,LOADER_BUFF_FAILED,0x00032040,,,
377,LOADER_STAGE_FAILED,0x00032050,,,
378,LOADER_STAGE_FAILED,0x00032050,,,
379,FOUP_LOADED_STATE_VALIDATION_FAIL,0x00032051,,,
380,FOUP_UNLOADED_STATE_VALIDATION_FAIL,0x00032052,,,
381,LOADER_CC_FAILED,0x00032060,,,
382,LOADER_FT_FAILED,0x00032070,,,
383,LOADER_CARDBUFF_FAILED,0x00032080,,,
384,LOADER_PA_ORG_FAILED,0x00032090,,,
385,LOADER_PA_ALGN_FAILED,0x00032091,,,
386,LOADER_PA_MOVE_FAILED,0x00032092,,,
387,LOADER_PA_WAF_UNEXPECTED,0x00032093,,,
388,LOADER_PA_WAF_MISSED,0x00032094,,O,
389,LOADER_FIXED_TRAY_WAF_MISSED,0x00032095,,O,
390,LOADER_BUFFER_WAF_MISSED,0x00032096,,O,
391,LOADER_PUT_ERROR_BUT_NOTEXIST_IN_ARM,0x00032097,,,
392,ARM_DANGEROUS_POS,0x00032100,,,
393,ARM_VAC_ERROR,0x00032101,,,
394,LOADER_PA_ERROR_CLEAR_FAILED,0x00032102,,,
395,LOADER_PA_RST_MOVE_FAILED,0x00032103,,,
396,LOADER_PA_DATAWRITE_FAILED,0x00032104,,,
397,LOADER_PA_ROTATE_FAILED,0x00032105,,,
398,FOUP_CHECK_IO_DONE,0x00032139,,,
399,FOUP_CHECK_IO_ERROR,0x00032140,,,
400,LOADER_PA_VAC_ERROR,0x00032200,,O,
401,LOADER_FIND_NOTCH_FAIL,0x00032201,,O,
402,LOADER_RIGHT_DOOR_OPEN,0x00032300,,O,
403,LOADER_LEFT_DOOR_OPEN,0x00032301,,O,
404,CANNOT_TRANSFER,0x00032400,,O,
405,ARM_TO_BUFFER,0x00032600,,,
406,ARM_TO_STAGE,0x00032601,,,
407,ARM_TO_FIXED,0x00032602,,,
408,ARM_TO_INSP,0x00032603,,,
409,ARM_TO_PREALIGN,0x00032604,,,
410,ARM_TO_SLOT,0x00032605,,O,
411,CARM_TO_CBUFFER,0x00032606,,,
412,CARM_TO_STAGE,0x00032607,,,
413,CARM_TO_CARDTRAY,0x00032608,,,
414,CBUFFER_TO_CARM,0x00032609,,,
415,STAGE_TO_CARM,0x0003260A,,,
416,TRAY_TO_CARM,0x0003260B,,,
417,BUFFER_TO_ARM,0x0003260C,,,
418,STAGE_TO_ARM,0x0003260D,,O,
419,FIXED_TO_ARM,0x0003260E,,,
420,INSP_TO_ARM,0x0003260F,,,
421,PREALIGN_TO_ARM,0x00032610,,,
422,PREALIGN_TO_OCR,0x00032611,,,
423,SLOT_TO_ARM,0x00032612,,,
424,LOADER_ROBOTCMD_TIMEOUT,0x00032900,,,
425,CARD_CHANGE_FAIL,0x00033000,,O,
426,GP_CardCahnge_NOT_EXIST_CARD_ON_CARD_POD,0x00033001,,,
427,GP_CardChage_EXIST_CARD_ON_CARD_POD,0x00033002,,,
428,GP_CardChange_CARD_POD_IS_UP_STATUS,0x00033003,,,
429,GP_CardChange_CARD_POD_IS_DOWN_STATUS,0x00033004,,,
430,GP_CardChange_CARD_IS_TOUCHED_ON_POGO,0x00033005,,,
431,GP_CardChange_CARD_IS_NOT_TOUCHED_ON_POGO,0x00033006,,,
432,GP_CardChange_PROBE_CARD_LATCH_IS_LOCKED,0x00033007,,,
433,GP_CardChange_PROBE_CARD_LATCH_IS_UNLOCKED,0x00033008,,,
434,GP_CardChange_TOP_PLATE_AND_TESTER_DOCKED,0x00033009,,,
435,GP_CardChange_TOP_PLATE_AND_TESTER_UNDOCKED,0x00033010,,,
436,GP_CardChange_CARD_IS_NOT_STUCK_IN_POGO,0x00033011,,,
437,GP_CardChange_CARD_IS_STUCK_IN_POGO,0x00033012,,,
438,GP_CardChange_ERROR_OCCURED_WHILE_MOVE_TO_LOADER,0x00033013,,,
439,GP_CardChange_ERROR_OCCURED_WHILE_CHUCK_MOVE_TO_POGO,0x00033014,,,
440,GP_CardChange_ERROR_OCCURED_WHILE_CHUCK_MOVE_TO_SAFE_POSITION,0x00033015,,,
441,GP_CardChange_CARD_POD_VAC_ON_ERROR,0x00033016,,,
442,GP_CardChange_CARD_POD_VAC_OFF_ERROR,0x00033017,,,
443,GP_CardChange_CARD_AND_POGO_CONTACT_ERROR,0x00033018,,,
444,GP_CardChange_POGO_SIDE_VAC_OFF_ERROR,0x00033019,,,
445,GP_CardChange_TOP_PLATE_AND_TESTER_VAC_ON_ERROR,0x00033020,,,
446,GP_CardChange_TOP_PLATE_AND_TESTER_VAC_OFF_ERROR,0x00033021,,O,
447,GP_CardChange_CARD_ALIGN_FAIL,0x00033022,,,
448,GP_CardChange_EXIST_CARD_IN_STAGE,0x00033023,,,
449,GP_CardChange_NOT_EXIST_CARD_IN_STAGE,0x00033024,,,
450,GP_CardChange_IO_ERROR,0x00033025,,,
451,GP_CardChange_MOVE_ERROR,0x00033026,,O,
452,GP_CardChange_DOCK_FAIL,0x00033027,,O,
453,GP_CardChange_UNDOCK_FAIL,0x00033028,,,
454,GP_CardChange_INIT_FAIL,0x00033029,,,
455,GP_CardChange_RECOVERY_FAIL,0x00033030,,O,
456,GP_CardChange_ALREADY_RUNNING,0x00033031,,,
457,GP_CardChange_CHECK_TO_LATCH,0x00033032,,,
458,GP_CardChange_CHECK_TO_CARD_UP_MOUDLE,0x00033033,,,
459,CARD_CHANGE_SUCCESS,0x00033034,,O,
460,GP_CardChange_CARRIER_ON_POD,0x00033035,,,
461,GP_CardChange_CARRIER_NOT_ON_POD,0x00033036,,,
462,GP_CardChange_CARD_IS_ON_TOPPLATE,0x00033037,,,
463,GP_CardChange_CARD_NOT_ON_TOPPLATE,0x00033038,,,
464,GP_CardChange_CARD_STATE_CHANGED,0x00033039,,,
465,GP_CARD_ROT_UNLOCK_FAIL,0x00033100,,,
466,GP_CARD_ROT_LOCK_FAIL,0x00033101,,,
467,GP_CARDCHANGE_STATE_ERROR,0x00033102,,,
468,GP_CARDCHANGE_RAISE_PROBE_CARD_POD_ERROR,0x00033103,,,
469,CARDCHANGE_NOT_SATISFIED_WITH_THE_CONDITION_TEMP,0x00033104,,,
470,CARDCHANGE_UNNECESSARY_RECOVER_TMPERATURE,0x00033105,,,
471,CARDCHANGE_CANNOT_RECOVER_PREV_TEMP_NOT_EXIST_CARD,0x00033106,,,
472,CARDCHANGE_CANNOT_RECOVER_PREV_TEMP_DOOR_OPENED,0x00033107,,,
473,WAIT_FOR_CARD_PERMISSION_START,0x00033108,,O,
474,WAIT_FOR_CARD_PERMISSION_END,0x00033109,,O,
475,TESTERHEAD_NOT_LOCKED_STATE,0x0003310A,,,
476,TESTERHEAD_NOT_UNLOCKED_STATE,0x0003310B,,,
477,NOT_EXPECTED_TESTER_INTERFACE,0x0003310C,,,
478,TESTER_CLAMP_NOT_LOCKED_STATE,0x0003310D,,,
479,TESTER_CLAMP_NOT_UNLOCKED_STATE,0x0003310E,,,
480,GEM_NOT_EXIST_PROCESSER,0x00034000,,,
481,GEM_PIV_SET_EXCEPTION,0x00034010,,,
482,GEM_PRE_CHECK_EXCEPTION,0x00034011,,,
483,GEM_RCMD_TIMEOUT,0x00034012,,,
484,GEM_COMMAND_PERFORM,0x00034013,,,
485,GEM_COMMAND_REJECT,0x00034014,,,
486,ENVCONTROL_CONNECT_ERROR,0x00035000,,,
487,ENVCONTROL_ALREADY_CONNECT,0x00035001,,,
488,ENVCONTROL_NOT_CONNECTED,0x00035002,,,
489,ENVCONTROL_COMM_ERROR,0x00035003,,,
490,ENV_CONDITIONS_NOT_SATISFIED,0x00035500,,,
491,ENV_TEMPARATURE_OUT_OF_RANGE,0x00035501,,,
492,ENV_TEMPERATURE_STATE_ERROR,0x00035502,,,
493,ENV_TEMPERATURE_STATE_SUSPEND,0x00035503,,,
494,ENV_TEMPERATURE_WAIT_DONE,0x00035504,,,
495,ENV_TEMPERAUTRE_NOT_MATCHED,0x00035505,,,
496,ENV_VALVE_STATE_ERROR,0x00035506,,,
497,ENV_CHILLER_MODULE_NOT_EXIST,0x00035507,,,
498,ENV_CHILLER_NOT_ACTIVATE,0x00035508,,,
499,CHILLER_CONNECT_ERROR,0x00036000,,,
500,CHILLER_NOT_CONNECTED,0x00036001,,O,
501,CHILLER_MODE_ISNOT_ONLINE,0x00036002,,,
502,CHILLER_SERVICE_MANAGER_IS_NULL,0x00036003,,,
503,CHILLER_REMOTE_CHANNEL_FAULT,0x00036004,,,
504,CHILLER_REMOTE_CONNECT_ERROR,0x00036005,,,
505,CHILLER_SET_TARGET_TEMP_ERROR,0x00036006,,,
506,CHILLER_SET_TARGET_TEMP_FAIL_INVALID_DATA,0x00036007,,,
507,CHILLER_SET_TARGET_TEMP_FAIL_DIFF_ACTIVE,0x00036008,,,
508,CHILLER_SET_TARGET_TEMP_FAIL_EXIST_RUNNING_CELL,0x00036009,,,
509,CHILLER_INIT_ERROR,0x0003600A,,,
510,CHILLER_ACTIVATE_ERROR,0x0003600B,,,
511,CHILLER_INACTIVATE_ERROR,0x0003600C,,,
512,CHILLER_COOLANT_ERROR,0x0003600D,,,
513,CHILLER_OVERLOAD_ERROR,0x0003600E,,,
514,CHILLER_PUMP_ERROR,0x0003600F,,,
515,CHILLER_PUMP_SPPED_NOT_ZERO,0x00036010,,,
516,CHILLER_CHECK_CAN_USE_CHILLER_ERROR,0x00036011,,,
517,CHILLER_CHECK_CHILLER_GROUP_ERROR,0x00036012,,,
518,CHILLER_CHECK_ALREADY_OCCUPY,0x00036013,,,
519,CHILLER_ERROR_OCCURRED,0x00036014,,O,
520,CHILLER_WARNING_OCCURRED,0x00036015,,O,
521,DRYAIR_REMOTE_CONNECT_ERROR,0x00037000,,,
522,DRYAIR_REMOTE_CHANNEL_FAULT,0x00037001,,,
523,DRYAIR_SETVALUE_ERROR,0x00037002,,,
524,DRYAIR_SETVALUE_IO_WRITEBIT_ERROR,0x00037003,,,
525,DRYAIR_GETLEAK_SENSOR_ERROR,0x00037004,,,
526,VALVE_SET_ERROR,0x00038000,,,
527,DEW_POINT_SENSOR_ERR,0x00039000,,,
528,DEW_POINT_SENSOR_LOW_ERR,0x00039001,,,
529,DEW_POINT_SENSOR_HI_ERR,0x00039002,,,
530,DEW_POINT_TIMEOUT,0x00039003,,O,
531,DEW_POINT_HIGH_ERR,0x00039100,,O,
532,DEW_POINT_LD_HIGH_ERR,0x00039101,,,
533,DEW_POINT_STG_HIGH_ERR,0x00039102,,,
534,PMI_GROUPING_ERROR,0x00040000,,,
535,PMI_GROUPSEQUENCE_ERROR,0x00040001,,,
536,PMI_PAD_RESULT_NOT_PROCESSED,0x00040002,,,
537,PMI_PAD_RESULT_FAIL,0x00040003,,,
538,PMI_PAD_RESULT_SUCCESS,0x00040004,,,
539,PMI_NOT_EXIST_TABLE,0x00040005,,,
540,PMI_PAUSE_IMMEDIATELY,0x00040006,,,
541,PMI_PAUSE_AFTER_ALL_DIE_INSPECTION,0x00040007,,,
542,PMI_IMAGE_SAVE_ERROR,0x00040008,,,
543,PMI_ORIGINAL_IMAGE_SAVE_ERROR,0x00040009,,,
544,PMI_NOT_FOUND_PAD,0x0004000A,,,
545,HEATER_POWER_SUPPLY_FAIL,0x00041000,,O,
546,TEMPARATURE_ERROR_HOT,0x00041001,,,
547,TEMPARATURE_ERROR_COLD,0x00041002,,,
548,TEMPARATURE_OUT_OF_RANGE,0x00041003,,,
549,TEMPARATURE_OUT_RANGE_HOT,0x00041004,,O,
550,TEMPARATURE_OUT_RANGE_COLD,0x00041005,,O,
551,TEMPARATURE_IN_RANGE_HOT,0x00041006,,O,
552,TEMPARATURE_IN_RANGE_COLD,0x00041007,,O,
553,TEMPARATURE_EXCLUDED_TEMP_TABLE,0x00041008,,,
554,TEMPARATURE_CHANGE_TRIGGER_HEATER,0x00041009,,,
555,TEMPARATURE_CHANGE_TRIGGER_CHILLER,0x0004100A,,,
556,TEMPERATURE_TEMP_SET_FAIL_CARD_NOT_EXIST,0x0004100B,,,
557,SENSOR_ALARM_DETECTED,0x0004100C,,,
558,SENSOR_DISCONNECTED,0x0004100D,,,
559,SEND_CURRENT_MAP_FAIL,0x00042000,,,
560,MAP_CONVERT_FAIL,0x00042002,,O,
561,MAP_SAVE_FAIL,0x00042003,,,
562,CONTINUOUS_FAIL_ACTION,0x00042004,,,"(원샷은 해당 안됨) 웨이퍼를 찍는데 연속적으로 Probing Fail 이 계속될때(Count 체크), 혹은 연속적이 아니라도 Total bin count 를 보고 Fail Count 를 오버할때. "
563,LOW_YIELD_OCCURRED,0x00042005,,,"전체 Wafer(전체) yield,  전체 wafer contact 횟수 중 N번째 이후 부터 확인. (찍은 wafer 횟수에 대비한 yield)"
564,LOW_DUT_YIELD_OCCURRED,0x00042006,,,Dut 들간의 편차를 보는데 특정 Dut 의 yield 만 Range 를 벗어났을 경우.
565,BIN_PF_DATA_IS_NOT_MATCHED,0x00042007,,,Prober 와 Tester Server 간의 Bin Table 이 안맞을 경우.
566,FFU_NOT_DEFINED,0x00043000,,,
567,FFU_AC_POWER_INPUT_ERROR,0x00043001,,,
568,FFU_AC_FREQUENCY_ERROR,0x00043002,,,
569,FFU_PFC_UNDER_VOLTAGE,0x00043003,,,
570,FFU_PFC_OVER_VOLTAGE,0x00043004,,,
571,FFU_TEMPERATURE_MOTER_ERROR,0x00043005,,,
572,FFU_TEMPERATURE_CONTROLLER_ERROR,0x00043006,,,
573,FFU_TEMPERATURE_IPM_ERROR,0x00043007,,,
574,FFU_OVER_CURRENT_PROTECTION,0x00043008,,,
575,FFU_IPM_MODULE_ERROR,0x00043009,,,
576,FFU_OVER_CURRENT,0x00043010,,,
577,FFU_MOTOR_DID_LOCK,0x00043011,,,
578,FFU_MOTOR_SENSOR_ERROR,0x00043012,,,
579,FFU_SHORT_CURRENT,0x00043013,,,
580,FFU_MOTOR_OVER_CURRENT,0x00043014,,,
581,FFU_PFC_ERROR_WITHOUT_VOLTAGE,0x00043015,,,
582,FFU_DIRECTION_MOTOR_ROTATION_ERROR,0x00043016,,,
583,FFU_TIMEOUT_ERROR,0x00043017,,O,
584,FFU_AC_RECOVERY,0x00043018,,O,
585,FFU_OFFLINE_FRONT,0x00043019,,O,
586,FFU_OFFLINE_BACK,0x00043020,,O,
587,FFU_RECOVERY_FRONT,0x00043021,,O,
588,FFU_RECOVERY_BACK,0x00043022,,O,
589,E84_CONNECT_ERROR,0x00044000,,,
590,E84_SEQUENCE_ERROR,0x00044001,,,
591,E84_CST_DETACH_STATE_ERROR,0x00044002,,,
592,E84_CST_ATTACH_STATE_ERROR,0x00044003,,,
593,E84_LOAD_PORT_ACCESS_VIOLATION,0x00044004,,O,
594,MONITORING_EMERGENCY_BUTTON_ON,0x00050000,,,
595,MONITORING_MAIN_AIR_ERROR,0x00050001,,,
596,MONITORING_MAIN_VACUUM_ERROR,0x00050002,,,
597,MONITORING_MAIN_POWER_ERROR,0x00050003,,,
598,MONITORING_AXIS_STATE_ERROR,0x00050004,,,
599,MONITORING_AXIS_STATE_INVALID,0x00050005,,,
600,MONITORING_AXIS_STATE_DISABLED,0x00050006,,,
601,MONITORING_TESTER_EMERGENCY_BUTTON_ON,0x00050007,,,
602,MONITORING_CARDCHANGE_STATE_ERROR,0x00050008,,,
603,MONITORING_CHUCK_6VAC_ERROR,0x00050009,,O,
604,MONITORING_CHUCK_8VAC_ERROR,0x00050010,,O,
605,MONITORING_CHUCK_12VAC_ERROR,0x00050011,,O,
606,MONITORING_WAFER_SIZE_ERROR,0x00050012,,,
607,MONITORING_PREALIGN_VAC_ERROR,0x00050013,,O,
608,MONITORING_ARM1_VAC_ERROR,0x00050014,,,
609,MONITORING_ARM2_VAC_ERROR,0x00050015,,,
610,MONITORING_THREELEG_ERROR,0x00050016,,O,
611,MONITORING_FRONT_DOOR_ERROR,0x00050017,,,
612,MONITORING_LOADER_DOOR_ERROR,0x00050018,,,
613,MONITORING_LOADER_WAFEROUTSENSOR_ERROR,0x00050019,,,
614,MONITORING_BUZZER_ERROR,0x00050020,,,
615,MONITORING_MACHINE_INIT_ERROR,0x00050021,,O,
616,MONITORING_STAGE_EMG_STOP,0x00050022,,,
617,MONITORING_LOADER_EMG_STOP,0x00050023,,,
618,MONITORING_NEEDLE_AIR_ERROR,0x00050024,,,
619,MONITORING_THREEPOD_COOLING_ERROR,0x00050025,,,
620,MONITORING_START,0x00050026,,,
621,MONITORING_MACHINEINIT_ON,0x00050027,,,
622,MONITORING_STAGE_BACKSIDEDOOR_OPEN,0x00050028,,,
623,MONITORING_STAGE_BACKSIDEDOOR_CLOSE,0x00050029,,,
624,DOT_NET_ERROR,0x00051000,,,
625,STAGEMOVE_NOTIMPLEMENT_ERROR,0x00051001,,,
626,STAGEMOVE_WAFER_HIGH_VIEW_MOVE_ERROR,0x00051002,,,
627,STAGEMOVE_WAFER_LOW_VIEW_MOVE_ERROR,0x00051003,,,
628,STAGEMOVE_PIN_HIGH_VIEW_MOVE_ERROR,0x00051004,,,
629,STAGEMOVE_PIN_LOW_VIEW_MOVE_ERROR,0x00051005,,,
630,STAGEMOVE_TOUCHSENSOR_HIGH_VIEW_MOVE_ERROR,0x00051006,,,
631,STAGEMOVE_TOUCHSENSOR_LOW_VIEW_MOVE_ERROR,0x00051007,,,
632,STAGEMOVE_ZCLEARD_MOVE_ERROR,0x00051008,,,
633,STAGEMOVE_MOVE_PAD_TO_PIN_ERROR,0x00051009,,,
634,STAGEMOVE_PROBING_Z_DOWN_ERROR,0x00051010,,,
635,STAGEMOVE_PROBING_Z_UP_ERROR,0x00051011,,,
636,STAGEMOVE_MOVE_TO_SOAKING_ERROR,0x00051012,,,
637,STAGEMOVE_MOVE_TO_LOADING_POS_ERROR,0x00051013,,,
638,STAGEMOVE_THREE_LEG_DOWN_ERROR,0x00051014,,,
639,STAGEMOVE_THREE_LEG_UP_ERROR,0x00051015,,,
640,STAGEMOVE_NC_PAD_DOWN_ERROR,0x00051016,,,
641,STAGEMOVE_NC_PAD_UP_ERROR,0x00051017,,,
642,STAGEMOVE_WAFER_HIGH_CAM_COORD_MOVE_NCPAD_ERROR,0x00051018,,,
643,STAGEMOVE_WAFER_LOW_CAM_COORD_MOVE_NCPAD_ERROR,0x00051019,,,
644,STAGEMOVE_PROBING_COORD_MOVE_NCPAD_ERROR,0x00051020,,,
645,STAGEMOVE_SET_WAFER_CAM_BASE_POS_ERROR,0x00051021,,,
646,STAGEMOVE_TOUCH_SENSOR_SENSING_MOVE_NCPAD_ERROR,0x00051022,,,
647,STAGEMOVE_CARDCHANGE_ERROR,0x00051023,,,
648,STAGEMOVE_CC_AXIS_MOVE_TO_POS_ERROR,0x00051024,,,
649,STAGEMOVE_VAC_ON_OFF_ERROR,0x00051025,,,
650,STAGEMOVE_MONITORFOR_VAC_ERROR,0x00051026,,,
651,STAGEMOVE_REPEAT_REL_MOVE_ERROR,0x00051027,,,
652,STAGEMOVE_REL_MOVE_ERROR,0x00051028,,,
653,STAGEMOVE_V_MOVE_ERROR,0x00051029,,,
654,STAGEMOVE_NCPAD_MOVE_ERROR,0x00051030,,,
655,STAGEMOVE_MOVE_TO_MARK_ERROR,0x00051031,,,
656,STAGEMOVE_VM_VIEW_MOVE_ERROR,0x00051032,,,
657,STAGEMOVE_VM_WAFER_HIGH_VIEW_MOVE_ERROR,0x00051033,,,
658,STAGEMOVE_VM_REL_MOVE_ERROR,0x00051034,,,
659,STAGEMOVE_VM_ABS_MOVE_ERROR,0x00051035,,,
660,STAGEMOVE_LOADER_OPEN_ERROR,0x00051036,,,
661,STAGEMOVE_LOADER_CLOSE_ERROR,0x00051037,,,
662,STAGEMOVE_IS_LOADER_DOOR_OPEN_ERROR,0x00051038,,,
663,STAGEMOVE_IS_LOADER_DOOR_CLOSE_ERROR,0x00051039,,,
664,STAGEMOVE_FRONT_DOOR_LOCK_ERROR,0x00051040,,,
665,STAGEMOVE_FRONT_DOOR_UNLOCK_ERROR,0x00051041,,,
666,STAGEMOVE_IS_FRONT_DOOR_LOCK_ERROR,0x00051042,,,
667,STAGEMOVE_IS_FRONT_DOOR_UNLOCK_ERROR,0x00051043,,,
668,STAGEMOVE_IS_FRONT_DOOR_OPEN_ERROR,0x00051044,,,
669,STAGEMOVE_IS_FRONT_DOOR_CLOSE_ERROR,0x00051045,,,
670,STAGEMOVE_READ_VACUUM_ERROR,0x00051046,,,
671,STAGEMOVE_MANUAL_MOVE,0x00051047,,,
672,STAGEMOVE_IS_CARD_DOOR_OPEN_ERROR,0x00051048,,,
673,STAGEMOVE_IS_CARD_DOOR_CLOSE_ERROR,0x00051049,,,
674,STAGEMOVE_WAFER_CAM_EXPENDED,0x00051055,,,
675,STAGEMOVE_LOCK,0x00051056,,,
676,STAGE_MAIN_VAC_ERROR,0x00052000,,O,
677,LOADER_MAIN_VAC_ERROR,0x00052001,,O,
678,STAGE_MAIN_AIR_ERROR,0x00052002,,O,
679,LOADER_MAIN_AIR_ERROR,0x00052003,,O,
680,EMO_ERROR,0x00052004,,O,
681,EMO_ERROR_FORM_TESTER,0x00052005,,,
682,LOADER_PCW_LEAK_ALARM,0x00052006,,O,
683,TESTERHEAD_PURGE_AIR_ERROR,0x00052007,,O,
684,TESTERHEAD_PURGE_AIR_LOW_ERROR,0x00052008,,,
685,TESTERHEAD_PURGE_AIR_HI_ERROR,0x00052009,,,
686,BERNOULLIHANDLER_TRANSFER_UP_ERROR,0x00052050,,,
687,BERNOULLIHANDLER_TRANSFER_DOWN_ERROR,0x00052051,,,
688,BERNOULLIHANDLER_HOLD_ERROR,0x00052052,,,
689,BERNOULLIHANDLER_RELEASE_ERROR,0x00052053,,,
690,BERNOULLIHANDLER_ALIGN_ON_ERROR,0x00052054,,,
691,BERNOULLIHANDLER_ALIGN_OFF_ERROR,0x00052055,,,
692,BERNOULLIHANDLER_ALREADY_EXIST_ERROR,0x00052056,,,
693,BERNOULLIHANDLER_SUBS_LOST_ERROR,0x00052057,,,
694,BERNOULLIHANDLER_DEVICE_SIZE_ERROR,0x00052058,,,
695,BERNOULLIHANDLER_ANTIPAD_UP_ERROR,0x00052059,,,
696,BERNOULLIHANDLER_ANTIPAD_DOWN_ERROR,0x00052060,,,
697,STAGEMOVE_WAITFOR_VAC_ERROR,0x00052061,,,
698,PROBING_ERROR,0x00060000,,,
699,PROBING_Z_LIMIT_ERROR,0x00060001,,,
700,PROBING_SEQUENCE_INVALID_ERROR,0x00060002,,O,
701,CARD_CONTACT_LIMIT,0x00060003,,,
702,PROBING_START_ERROR,0x00060004,,,
703,WAIT_FOR_PROBING_START,0x00060005,,,
704,PROBING_TESTING_TIMEOUT,0x00060006,,O,
705,REPEATED_TESTING_TIMEOUT,0x00060007,,O,
706,PIN_PAD_MATCHED_TEST_TIMEOUT,0x00060008,,O,
707,WAIT_FOR_RESUME,0x00060009,,,
708,ZIF_STATE_NOT_READY,0x00060010,,,
709,STATE_UNKNOWN_ERROR,0x00070000,,,
710,LOGUPLOAD_FOLDER_NOT_EXIST,0x00080000,,,
711,LOGUPLOAD_CONNECT_FAIL,0x00080001,,O,
712,LOGUPLOAD_CREATE_DIRECTORY_FAIL,0x00080002,,,
713,LOGUPLOAD_UPLOAD_LOG_FAIL,0x00080003,,,
714,LOGUPLOAD_DEVICE_UPLOAD_FAIL,0x00080004,,,
715,LOGUPLOAD_DEVICE_DOWNLOAD_FAIL,0x00080005,,,
716,LOGUPLOAD_LOGIN_OR_PASSWORD_INCORRECT,0x00080006,,O,
717,RESULTMAP_FOLDER_NOT_EXIST,0x00082000,,,
718,RESULTMAP_CONNECT_FAIL,0x00082001,,,
719,RESULTMAP_CREATE_DIRECTORY_FAIL,0x00082002,,,
720,RESULTMAP_LOG_FAIL,0x00082003,,,
721,RESULTMAP_UPLOAD_FAIL,0x00082004,,,
722,RESULTMAP_DOWNLOAD_FAIL,0x00082005,,,
723,RESULTMAP_MAKE_PATH_FAIL,0x00082006,,,
724,RESULTMAP_GET_MAPFILE_FAIL,0x00082007,,,
725,RESULTMAP_WRONG_PATH_FAIL,0x00082008,,,
726,RESULTMAP_UNKNOW_TRANSFER_METHOD_FAIL,0x00082009,,,
727,RESULTMAP_SEND_TO_CELL_FAIL,0x0008200A,,,
728,EVENT_UNKNOWN,0x00090000,,,
729,EVENT_START,0x00090001,,,
730,EVENT_END,0x00090002,,,
731,EVENT_ERROR,0x00090003,,,
732,COMMAND_UNKNOWN,0x00091000,,,
733,COMMAND_START,0x00091001,,,
734,COMMAND_END,0x00091002,,,
735,COMMAND_ERROR,0x00091003,,O,
736,NOTIFY_ERROR,0x00092000,,,
737,NOTIFY_COMM_ERROR,0x00092001,,,
738,TESTER_RESPONDS_TIMEOUT,0x00092002,,,
739,SYSTEM_ERROR,0x00100000,,O,
740,LOT_START,0x00100001,,O,
741,LOT_END,0x00100002,,O,
742,NOT_EXIST_FOUP,0x00100003,,,
743,LOT_PAUSE_TIMEOUT,0x00100004,,O,
744,LOT_PAUSE_TIMEOUT_LOADER,0x00100005,,O,
745,ALREADY_USING_STAGE,0x00100006,,,
746,LOT_IS_NOT_RUNNING,0x00100020,,,
747,LOT_NOT_READY,0x00100021,,,
748,SLOT_VARIFY_ERROR,0x00100022,,,
749,LOT_ASSIGNED_WAFER_REMAIN,0x00100023,,,
750,LOT_ASSIGNED_WAFER_MISSMATCH,0x00100024,,O,
751,STOP_BEFORE_PROBING,0x00101001,,O,
752,STOP_AFTER_PROBING,0x00101002,,O,
753,STOP_AFTER_PROBING_RESERVE,0x00101003,,,
754,PMI_Start,0x00108001,,,
755,PMI_OK,0x00108002,,,
756,PMI_FAIL,0x00108003,,O,
757,PMI_END,0x00108004,,,
758,PMI_Focusing_Failure,0x00108005,,,
759,PMI_AutoLight_Failure,0x00108006,,,
760,PMI_Pattern_Filter_FAIL,0x00108007,,,
761,FoupOPModule_OK,0x00110001,,,
762,FoupOPModule_Failure,0x00110002,,,
763,FoupCoverNormal12Inch_OK,0x00110003,,,
764,FoupCoverNormal12Inch_Failure,0x00110004,,,
765,FoupCoverNormal6Inch_OK,0x00110005,,,
766,FoupCoverNormal6Inch_Failure,0x00110006,,,
767,FoupCoverNormal8Inch_OK,0x00110007,,,
768,FoupCoverNormal8Inch_Failure,0x00110008,,,
769,FoupDockingPlate12Inch_OK,0x00110009,,,
770,FoupDockingPlate12Inch_Failure,0x00110010,,,
771,FoupDockingPlate6Inch_OK,0x00110011,,,
772,FoupDockingPlate6Inch_Failure,0x00110012,,,
773,FoupDockingPlate8Inch_OK,0x00110013,,,
774,FoupDockingPlate8Inch_Failure,0x00110014,,,
775,Foup8InchTilt_OK,0x00110015,,,
776,Foup8InchTilt_Failure,0x00110016,,,
777,FoupDockingPort12Inch_OK,0x00110017,,,
778,FoupDockingPort12Inch_Failure,0x00110018,,,
779,FoupDockingPort6Inch_OK,0x00110019,,,
780,FoupDockingPort6Inch_Failure,0x00110020,,,
781,FoupDockingPort8Inch_OK,0x00110021,,,
782,FoupDockingPort8Inch_Failure,0x00110022,,,
783,FoupDockingPort40mm_12Inch_OK,0x00110023,,,
784,FoupDockingPort40mm_12Inch_Failure,0x00110024,,,
785,FoupDockingPort40mm_6Inch_OK,0x00110025,,,
786,FoupDockingPort40mm_6Inch_Failure,0x00110026,,,
787,FoupDockingPort40mm_8Inch_OK,0x00110027,,,
788,FoupDockingPort40mm_8Inch_Failure,0x00110028,,,
789,FoupOpener12Inch_OK,0x00110029,,,
790,FoupOpener12Inch_Failure,0x00110030,,,
791,MARK_Start,0x00113001,,,
792,MARK_Move_OK,0x00113002,,,
793,MARK_Move_Failure,0x00113003,,,
794,MARK_Focusing_Start,0x00113004,,,
795,MARK_Focusing_OK,0x00113005,,,
796,MARK_Focusing_Failure,0x00113006,,,
797,MARK_Pattern_Start,0x00113007,,,
798,MARK_Pattern_OK,0x00113008,,,
799,MARK_Pattern_Failure,0x00113009,,,
800,Wafer_Edge_Start,0x00114001,,,
801,Wafer_Edge_OK,0x00114002,,,
802,Wafer_Edge_Failure,0x00114003,,,
803,Wafer_EdgeDection_Skip,0x00114004,,,
804,Wafer_Register_Manual_Edge_OK,0x00114005,,,
805,Wafer_Register_Manual_Edge_Failure,0x00114006,,,
806,Wafer_Edge_Disable,0x00114007,,,
807,Wafer_Low_Mag_Start,0x00114011,,,
808,Wafer_Low_Mag_OK,0x00114012,,,
809,Wafer_Low_Mag_Failure,0x00114013,,,
810,Wafer_Register_LowMag_Pattern_OK,0x00114014,,,
811,Wafer_Register_LowMag_Pattern_Failure,0x00114015,,,
812,Wafer_Delete_LowMag_Pattern_OK,0x00114016,,,
813,Wafer_Delete_LowMag_Pattern_Failure,0x00114017,,,
814,Wafer_High_Mag_1HeightProfiling_Start,0x00114021,,,
815,Wafer_High_Mag_5HeightProfiling_Start,0x00114022,,,
816,Wafer_High_Mag_9HeightProfiling_Start,0x00114023,,,
817,Wafer_High_Mag_OK,0x00114024,,,
818,Wafer_High_Mag_Failure,0x00114025,,,
819,Wafer_High_Mag_Skip,0x00114026,,,
820,Wafer_Verify_Align_Start,0x00114031,,,
821,Wafer_Verify_Align_OK,0x00114032,,,
822,Wafer_Verify_Align_Failure,0x00114033,,,
823,Wafer_Index_Align_Edge_Start,0x00114041,,,
824,Wafer_Index_Align_Edge_OK,0x00114042,,,
825,Wafer_Index_Align_Edge_Failure,0x00114043,,,
826,Wafer_Index_Align_Edge_Skip,0x00114044,,,
827,Wafer_Index_Align_Pattern_Start,0x00114051,,,
828,Wafer_Index_Align_Pattern_OK,0x00114052,,,
829,Wafer_Index_Align_Pattern_Failure,0x00114053,,,
830,Pin_High_Mag_Align_Start,0x00115001,,,
831,Pin_High_Mag_Align_Fail,0x00115002,,,
832,Pin_High_Mag_Align_OK,0x00115003,,,
833,Pin_To_Pad_Alignment_OK,0x00115004,,,
834,Pin_To_Pad_Alignment_Fail,0x00115005,,,
835,Pin_Low_Mag_Align_Start,0x00115006,,,
836,Pin_Low_Mag_Align_Fail,0x00115007,,,
837,Pin_Low_Mag_Align_OK,0x00115008,,,
838,Pin_Low_Mag_Align_Skip,0x00115009,,,
839,Register_Touch_Sensor_Position_OK,0x00116001,,,
840,Register_Touch_Sensor_Position_Failure,0x00116002,,,
841,Register_Touch_Sensor_Base_Position_OK,0x00116011,,,
842,Register_Touch_Sensor_Base_Position_Failure,0x00116012,,,
843,Register_Touch_Sensor_Pad_Ref_Position_OK,0x00116021,,,
844,Register_Touch_Sensor_Pad_Ref_Position_Failure,0x00116022,,,
845,Register_Touch_Sensor_Offset_OK,0x00116031,,,
846,Register_Touch_Sensor_Offset_Failure,0x00116032,,,
847,Register_Touch_Sensor_Setup_UNDEFINED,0x00116033,,,
848,Touch_Sensor_Focusing_Failure,0x00116034,,,
849,Touch_Sensor_Move_Position_Failure,0x00116035,,,
850,Touch_Sensor_Out_Of_Tolereance,0x00116036,,,
851,CleanPad_Focusing_5Point_Start,0x00116101,,,
852,CleanPad_Focusing_1Point_Start,0x00116102,,,
853,CleanPad_Focusing_OK,0x00116103,,,
854,CleanPad_Focusing_Failure,0x00116104,,,
855,Confirm_Touch_Sensor_Base_Position_Failure,0x00116105,,,
856,CleanPad_Cleaning_Start,0x00116201,,,
857,CleanPad_Cleaning_OK,0x00116202,,,
858,CleanPad_Cleaning_Failure,0x00116203,,,
859,Polishwafer_Centering_Start,0x00119001,,,
860,Polishwafer_Centering_OK,0x00119002,,,
861,Polishwafer_Centering_Failure,0x00119003,,,
862,Polishwafer_Focusing_Start,0x00119004,,,
863,Polishwafer_Focusing_OK,0x00119005,,,
864,Polishwafer_Focusing_Failure,0x00119006,,,
865,Polishwafer_Cleaning_Start,0x00119007,,,
866,Polishwafer_Cleaning_OK,0x00119008,,,
867,Polishwafer_Cleaning_Failure,0x00119009,,,
868,Stage_Emergency_Stop,0x00150001,,,
869,Loader_Emergency_Stop,0x00150002,,O,
870,EMG_Button_On,0x00150003,,,
871,Main_Air_Error,0x00150004,,,
872,Main_Vacuum_Error,0x00150005,,,
873,Main_Power_Error,0x00150006,,O,
874,Stage_Axes_State_Error,0x00150007,,,
875,Loader_Axes_State_Error,0x00150008,,,
876,Tester_EMG_Button_On,0x00150009,,,
877,Chuck_Vacuum_Error,0x00150010,,O,
878,PreAlign_Vacuum_Error,0x00150011,,,
879,Arms_Vacuum_Error,0x00150012,,,
880,Three_Leg_Error,0x00150013,,,
881,Front_Door_Error,0x00150014,,,
882,Loader_Door_Error,0x00150015,,,
883,Monitoring_Error,0x00150016,,,
884,Monitoring_ReStart,0x00150017,,,
885,Three_Leg_Time_Out,0x00150018,,,
886,LOADER_ERROR_OCCUR,0x00150019,,O,
887,STAGE_ERROR_OCCUR,0x00150020,,O,
888,Wafer_Missing_Error,0x00150021,,O,
889,GP_CardChange_CARD_STATE_CHECK_SKIPED,0x00330400,,,
890,GP_CardChange_POGO_ALIGN_FAIL,0x00330401,,,
891,GP_CardChange_CARD_CONTACT_LIMIT_ERROR,0x00330402,,,
892,GP_CardChange_CARD_CHANGE_SAVE_PARAM_ERROR,0x00330403,,,
893,GP_CardChange_CARD_MAINVAC_ERROR,0x00330404,,O,
894,GP_CardChange_DOCK_PAUSED,0x00330410,,,
895,GP_CardChange_ABORT,0x00330420,,,
