PropertyPath;ElementID;ElementName;ElementAdmin;AssociateElementID;CategoryID;Unit;LowerLimit;UpperLimit;ReadMaskingLevel;WriteMaskingLevel;Description;VID
GEM.PIVContainer.AccessMode;30000077;EMPTY;EMPTY;EMPTY;EMPTY;EMPTY;0;0;100;100;EMPTY;0
GEM.PIVContainer.ArmNumber;30010022;EMPTY;EMPTY;EMPTY;EMPTY;EMPTY;0;0;100;100;EMPTY;10022
GEM.PIVContainer.CardBufferIndex;30000075;EMPTY;EMPTY;EMPTY;EMPTY;EMPTY;0;0;100;100;EMPTY;0
GEM.PIVContainer.CardLPAccessMode;30000044;EMPTY;EMPTY;EMPTY;EMPTY;EMPTY;0;0;100;100;EMPTY;0
GEM.PIVContainer.CardLPState;30000064;EMPTY;EMPTY;EMPTY;EMPTY;EMPTY;0;0;100;100;EMPTY;0
GEM.PIVContainer.CardSiteLocation;30000060;EMPTY;EMPTY;EMPTY;EMPTY;EMPTY;0;0;100;100;EMPTY;0
GEM.PIVContainer.CarrierID;30005002;EMPTY;EMPTY;EMPTY;EMPTY;EMPTY;0;0;100;100;EMPTY;5002
GEM.PIVContainer.CleaningTouchDownCount;30001063;EMPTY;EMPTY;EMPTY;EMPTY;EMPTY;0;0;100;100;EMPTY;1063
GEM.PIVContainer.CurTemperature;30030851;EMPTY;EMPTY;EMPTY;EMPTY;EMPTY;0;0;100;100;EMPTY;30851
GEM.PIVContainer.DevDownResult;30001037;EMPTY;EMPTY;EMPTY;EMPTY;EMPTY;0;0;100;100;EMPTY;1037
GEM.PIVContainer.FailDieCount;30000040;EMPTY;EMPTY;EMPTY;EMPTY;EMPTY;0;0;100;100;EMPTY;0
GEM.PIVContainer.FirstDieX;30000002;EMPTY;EMPTY;EMPTY;EMPTY;EMPTY;0;0;100;100;EMPTY;0
GEM.PIVContainer.FirstDieY;30000003;EMPTY;EMPTY;EMPTY;EMPTY;EMPTY;0;0;100;100;EMPTY;0
GEM.PIVContainer.FoupNumber;30005001;EMPTY;EMPTY;EMPTY;EMPTY;EMPTY;0;0;100;100;EMPTY;5001
GEM.PIVContainer.FoupShiftMode;30000004;EMPTY;EMPTY;EMPTY;EMPTY;EMPTY;0;0;100;100;EMPTY;0
GEM.PIVContainer.FoupState;30001036;FoupState;EMPTY;EMPTY;EMPTY;EMPTY;0;0;100;100;EMPTY;1036
GEM.PIVContainer.FullSite;30001605;EMPTY;EMPTY;EMPTY;EMPTY;EMPTY;0;0;100;100;EMPTY;1605
GEM.PIVContainer.ListOfSlot;30005004;EMPTY;EMPTY;EMPTY;EMPTY;EMPTY;0;0;100;100;EMPTY;5004
GEM.PIVContainer.ListOfStages;30001140;EMPTY;EMPTY;EMPTY;EMPTY;EMPTY;0;0;100;100;EMPTY;1140
GEM.PIVContainer.LoaderID;30000007;EMPTY;EMPTY;EMPTY;EMPTY;EMPTY;0;0;100;100;EMPTY;0
GEM.PIVContainer.LotID;30001120;EMPTY;EMPTY;EMPTY;EMPTY;EMPTY;0;0;100;100;EMPTY;1120
GEM.PIVContainer.NotchAngle;30000017;EMPTY;EMPTY;EMPTY;EMPTY;EMPTY;0;0;100;100;EMPTY;0
GEM.PIVContainer.Overdrive;30000070;EMPTY;EMPTY;EMPTY;EMPTY;EMPTY;0;0;100;100;EMPTY;0
GEM.PIVContainer.PassDieCount;30000071;EMPTY;EMPTY;EMPTY;EMPTY;EMPTY;0;0;100;100;EMPTY;0
GEM.PIVContainer.PCardContactCount;30000078;EMPTY;EMPTY;EMPTY;EMPTY;EMPTY;0;0;100;100;EMPTY;0
GEM.PIVContainer.PinAlignAngle;30000024;EMPTY;EMPTY;EMPTY;EMPTY;EMPTY;0;0;100;100;EMPTY;0
GEM.PIVContainer.PinAlignCardCenterX;30000049;EMPTY;EMPTY;EMPTY;EMPTY;EMPTY;0;0;100;100;EMPTY;0
GEM.PIVContainer.PinAlignCardCenterY;30000047;EMPTY;EMPTY;EMPTY;EMPTY;EMPTY;0;0;100;100;EMPTY;0
GEM.PIVContainer.PinAlignCardCenterZ;30000046;EMPTY;EMPTY;EMPTY;EMPTY;EMPTY;0;0;100;100;EMPTY;0
GEM.PIVContainer.PinAlignPlanarity;30000030;EMPTY;EMPTY;EMPTY;EMPTY;EMPTY;0;0;100;100;EMPTY;0
GEM.PIVContainer.PinAlignResults;30000015;EMPTY;EMPTY;EMPTY;EMPTY;EMPTY;0;0;100;100;EMPTY;0
GEM.PIVContainer.MarkChangeValue.X;30002804;EMPTY;EMPTY;EMPTY;EMPTY;EMPTY;0;0;100;100;EMPTY;2804
GEM.PIVContainer.MarkChangeValue.Y;30002805;EMPTY;EMPTY;EMPTY;EMPTY;EMPTY;0;0;100;100;EMPTY;2805
GEM.PIVContainer.MarkChangeValue.Z;30002806;EMPTY;EMPTY;EMPTY;EMPTY;EMPTY;0;0;100;100;EMPTY;2806
GEM.PIVContainer.PreAlignNumber;30010021;EMPTY;EMPTY;EMPTY;EMPTY;EMPTY;0;0;100;100;EMPTY;10021
GEM.PIVContainer.PreHeatState;30001241;EMPTY;EMPTY;EMPTY;EMPTY;EMPTY;0;0;100;100;EMPTY;1241
GEM.PIVContainer.PreLoadingSlotNum;30000006;EMPTY;EMPTY;EMPTY;EMPTY;EMPTY;0;0;100;100;EMPTY;0
GEM.PIVContainer.PreLoadingWaferId;30000067;EMPTY;EMPTY;EMPTY;EMPTY;EMPTY;0;0;100;100;EMPTY;0
GEM.PIVContainer.ProbeCardID;30002004;EMPTY;EMPTY;EMPTY;EMPTY;EMPTY;0;0;100;100;EMPTY;2004
GEM.PIVContainer.ProbeCardState;30001106;EMPTY;EMPTY;EMPTY;EMPTY;EMPTY;0;0;100;100;EMPTY;1106
GEM.PIVContainer.ProberType;30002003;EMPTY;EMPTY;EMPTY;EMPTY;EMPTY;0;0;100;100;EMPTY;2003
GEM.PIVContainer.RecipeID;30002005;EMPTY;EMPTY;EMPTY;EMPTY;EMPTY;0;0;100;100;EMPTY;2005
GEM.PIVContainer.SetTemperature;30001025;EMPTY;EMPTY;EMPTY;EMPTY;EMPTY;0;0;100;100;EMPTY;1025
GEM.PIVContainer.SlotNumber;30001508;EMPTY;EMPTY;EMPTY;EMPTY;EMPTY;0;0;100;100;EMPTY;1508
GEM.PIVContainer.SoakingTimeSec;30001701;EMPTY;EMPTY;EMPTY;EMPTY;EMPTY;0;0;100;100;EMPTY;1701
GEM.PIVContainer.StageNumber;30002002;EMPTY;EMPTY;EMPTY;EMPTY;EMPTY;0;0;100;100;EMPTY;2002
GEM.PIVContainer.StageState;30002001;EMPTY;EMPTY;EMPTY;EMPTY;EMPTY;0;0;100;100;EMPTY;1091
GEM.PIVContainer.TotalDieCount;30000054;EMPTY;EMPTY;EMPTY;EMPTY;EMPTY;0;0;100;100;EMPTY;0
GEM.PIVContainer.UnloadingSlotNum;30000068;EMPTY;EMPTY;EMPTY;EMPTY;EMPTY;0;0;100;100;EMPTY;0
GEM.PIVContainer.UnloadingWaferID;30000058;EMPTY;EMPTY;EMPTY;EMPTY;EMPTY;0;0;100;100;EMPTY;0
GEM.PIVContainer.WaferChange_Location1_AtomId;30000169;EMPTY;EMPTY;EMPTY;EMPTY;EMPTY;0;0;100;100;EMPTY;0
GEM.PIVContainer.WaferChange_Location1_LoadPortId;30000170;EMPTY;EMPTY;EMPTY;EMPTY;EMPTY;0;0;100;100;EMPTY;0
GEM.PIVContainer.WaferChange_Location1_WaferId;30000081;EMPTY;EMPTY;EMPTY;EMPTY;EMPTY;0;0;100;100;EMPTY;0
GEM.PIVContainer.WaferChange_Location2_AtomId;30000171;EMPTY;EMPTY;EMPTY;EMPTY;EMPTY;0;0;100;100;EMPTY;0
GEM.PIVContainer.WaferChange_Location2_LoadPortId;30000011;EMPTY;EMPTY;EMPTY;EMPTY;EMPTY;0;0;100;100;EMPTY;0
GEM.PIVContainer.WaferChange_Location2_WaferId;30000042;EMPTY;EMPTY;EMPTY;EMPTY;EMPTY;0;0;100;100;EMPTY;0
GEM.PIVContainer.VerifyParamResultMap;30002006;EMPTY;EMPTY;EMPTY;EMPTY;EMPTY;0;0;100;100;EMPTY;2006
GEM.PIVContainer.WaferEndResult;30000014;EMPTY;EMPTY;EMPTY;EMPTY;EMPTY;0;0;100;100;EMPTY;0
GEM.PIVContainer.WaferEndTime;30000009;EMPTY;EMPTY;EMPTY;EMPTY;EMPTY;0;0;100;100;EMPTY;0
GEM.PIVContainer.WaferID;30001600;EMPTY;EMPTY;EMPTY;EMPTY;EMPTY;0;0;100;100;EMPTY;1600
GEM.PIVContainer.WaferStartTime;30000001;EMPTY;EMPTY;EMPTY;EMPTY;EMPTY;0;0;100;100;EMPTY;0
GEM.PIVContainer.UnloadedFormChuckWaferID;30001504;EMPTY;EMPTY;EMPTY;EMPTY;EMPTY;0;0;100;100;EMPTY;1504
GEM.PIVContainer.XCoordinate;30001606;EMPTY;EMPTY;EMPTY;EMPTY;EMPTY;0;0;100;100;EMPTY;1606
GEM.PIVContainer.YCoordinate;30001607;EMPTY;EMPTY;EMPTY;EMPTY;EMPTY;0;0;100;100;EMPTY;1607
GEM.PIVContainer.YieldOfBadDie;30000008;EMPTY;EMPTY;EMPTY;EMPTY;EMPTY;0;0;100;100;EMPTY;0
GEMModule.PIVContainer.CardBufferAccessModes[0];30000050;EMPTY;EMPTY;EMPTY;EMPTY;EMPTY;0;0;100;100;EMPTY;0
GEMModule.PIVContainer.CardBufferAccessModes[1];30000066;EMPTY;EMPTY;EMPTY;EMPTY;EMPTY;0;0;100;100;EMPTY;0
GEMModule.PIVContainer.CardBufferAccessModes[2];30000062;EMPTY;EMPTY;EMPTY;EMPTY;EMPTY;0;0;100;100;EMPTY;0
GEMModule.PIVContainer.CardBufferAccessModes[3];30000010;EMPTY;EMPTY;EMPTY;EMPTY;EMPTY;0;0;100;100;EMPTY;0
GEMModule.PIVContainer.CardBufferCardIds[0];30000020;EMPTY;EMPTY;EMPTY;EMPTY;EMPTY;0;0;100;100;EMPTY;0
GEMModule.PIVContainer.CardBufferCardIds[1];30000056;EMPTY;EMPTY;EMPTY;EMPTY;EMPTY;0;0;100;100;EMPTY;0
GEMModule.PIVContainer.CardBufferCardIds[2];30000073;EMPTY;EMPTY;EMPTY;EMPTY;EMPTY;0;0;100;100;EMPTY;0
GEMModule.PIVContainer.CardBufferCardIds[3];30000036;EMPTY;EMPTY;EMPTY;EMPTY;EMPTY;0;0;100;100;EMPTY;0
GEMModule.PIVContainer.CardBufferStates[0];30000035;EMPTY;EMPTY;EMPTY;EMPTY;EMPTY;0;0;100;100;EMPTY;0
GEMModule.PIVContainer.CardBufferStates[1];30000061;EMPTY;EMPTY;EMPTY;EMPTY;EMPTY;0;0;100;100;EMPTY;0
GEMModule.PIVContainer.CardBufferStates[2];30000059;EMPTY;EMPTY;EMPTY;EMPTY;EMPTY;0;0;100;100;EMPTY;0
GEMModule.PIVContainer.CardBufferStates[3];30000074;EMPTY;EMPTY;EMPTY;EMPTY;EMPTY;0;0;100;100;EMPTY;0
GEMModule.PIVContainer.DryAirStates[0];30000083;EMPTY;EMPTY;EMPTY;EMPTY;EMPTY;0;0;100;100;EMPTY;2151
GEMModule.PIVContainer.DryAirStates[1];30000084;EMPTY;EMPTY;EMPTY;EMPTY;EMPTY;0;0;100;100;EMPTY;2152
GEMModule.PIVContainer.DryAirStates[10];30000093;EMPTY;EMPTY;EMPTY;EMPTY;EMPTY;0;0;100;100;EMPTY;2161
GEMModule.PIVContainer.DryAirStates[11];30000094;EMPTY;EMPTY;EMPTY;EMPTY;EMPTY;0;0;100;100;EMPTY;2162
GEMModule.PIVContainer.DryAirStates[2];30000085;EMPTY;EMPTY;EMPTY;EMPTY;EMPTY;0;0;100;100;EMPTY;2153
GEMModule.PIVContainer.DryAirStates[3];30000086;EMPTY;EMPTY;EMPTY;EMPTY;EMPTY;0;0;100;100;EMPTY;2154
GEMModule.PIVContainer.DryAirStates[4];30000087;EMPTY;EMPTY;EMPTY;EMPTY;EMPTY;0;0;100;100;EMPTY;2155
GEMModule.PIVContainer.DryAirStates[5];30000088;EMPTY;EMPTY;EMPTY;EMPTY;EMPTY;0;0;100;100;EMPTY;2156
GEMModule.PIVContainer.DryAirStates[6];30000089;EMPTY;EMPTY;EMPTY;EMPTY;EMPTY;0;0;100;100;EMPTY;2157
GEMModule.PIVContainer.DryAirStates[7];30000090;EMPTY;EMPTY;EMPTY;EMPTY;EMPTY;0;0;100;100;EMPTY;2158
GEMModule.PIVContainer.DryAirStates[8];30000091;EMPTY;EMPTY;EMPTY;EMPTY;EMPTY;0;0;100;100;EMPTY;2159
GEMModule.PIVContainer.DryAirStates[9];30000092;EMPTY;EMPTY;EMPTY;EMPTY;EMPTY;0;0;100;100;EMPTY;2160
GEMModule.PIVContainer.ExchangerProberCardIDs[0];30000331;EMPTY;EMPTY;EMPTY;EMPTY;EMPTY;0;0;100;100;EMPTY;331
GEMModule.PIVContainer.ExchangerProberCardIDs[1];30000332;EMPTY;EMPTY;EMPTY;EMPTY;EMPTY;0;0;100;100;EMPTY;332
GEMModule.PIVContainer.ExchangerProberCardIDs[2];30000333;EMPTY;EMPTY;EMPTY;EMPTY;EMPTY;0;0;100;100;EMPTY;333
GEMModule.PIVContainer.ExchangerProberCardIDs[3];30000334;EMPTY;EMPTY;EMPTY;EMPTY;EMPTY;0;0;100;100;EMPTY;334
GEMModule.PIVContainer.ExchangerProberCardIDs[4];30000335;EMPTY;EMPTY;EMPTY;EMPTY;EMPTY;0;0;100;100;EMPTY;335
GEMModule.PIVContainer.ExchangerProberCardIDs[5];30000336;EMPTY;EMPTY;EMPTY;EMPTY;EMPTY;0;0;100;100;EMPTY;336
GEMModule.PIVContainer.ExchangerProberCardIDs[6];30000337;EMPTY;EMPTY;EMPTY;EMPTY;EMPTY;0;0;100;100;EMPTY;337
GEMModule.PIVContainer.ExchangerProberCardIDs[7];30000338;EMPTY;EMPTY;EMPTY;EMPTY;EMPTY;0;0;100;100;EMPTY;338
GEMModule.PIVContainer.ExchangerProberCardIDs[8];30000339;EMPTY;EMPTY;EMPTY;EMPTY;EMPTY;0;0;100;100;EMPTY;339
GEMModule.PIVContainer.FoupAccessModes[0];30001021;EMPTY;EMPTY;EMPTY;EMPTY;EMPTY;0;0;100;100;EMPTY;1021
GEMModule.PIVContainer.FoupAccessModes[1];30001022;EMPTY;EMPTY;EMPTY;EMPTY;EMPTY;0;0;100;100;EMPTY;1022
GEMModule.PIVContainer.FoupAccessModes[2];30001023;EMPTY;EMPTY;EMPTY;EMPTY;EMPTY;0;0;100;100;EMPTY;1023
GEMModule.PIVContainer.FoupAccessModes[3];30000051;EMPTY;EMPTY;EMPTY;EMPTY;EMPTY;0;0;100;100;EMPTY;0
GEMModule.PIVContainer.FoupStates[0];30001007;EMPTY;EMPTY;EMPTY;EMPTY;EMPTY;0;0;100;100;EMPTY;1007
GEMModule.PIVContainer.FoupStates[1];30001008;EMPTY;EMPTY;EMPTY;EMPTY;EMPTY;0;0;100;100;EMPTY;1008
GEMModule.PIVContainer.FoupStates[2];30001009;EMPTY;EMPTY;EMPTY;EMPTY;EMPTY;0;0;100;100;EMPTY;1009
GEMModule.PIVContainer.FoupStates[3];30000069;EMPTY;EMPTY;EMPTY;EMPTY;EMPTY;0;0;100;100;EMPTY;0
GEMModule.PIVContainer.LightState[0];30001038;EMPTY;EMPTY;EMPTY;EMPTY;EMPTY;0;0;100;100;EMPTY;1038
GEMModule.PIVContainer.LightState[1];30001039;EMPTY;EMPTY;EMPTY;EMPTY;EMPTY;0;0;100;100;EMPTY;1039
GEMModule.PIVContainer.LightState[2];30001040;EMPTY;EMPTY;EMPTY;EMPTY;EMPTY;0;0;100;100;EMPTY;1040
GEMModule.PIVContainer.LoaderCarrierIDs[0];30000053;EMPTY;EMPTY;EMPTY;EMPTY;EMPTY;0;0;100;100;EMPTY;0
GEMModule.PIVContainer.LoaderCarrierIDs[1];30000057;EMPTY;EMPTY;EMPTY;EMPTY;EMPTY;0;0;100;100;EMPTY;0
GEMModule.PIVContainer.LoaderCarrierIDs[2];30000021;EMPTY;EMPTY;EMPTY;EMPTY;EMPTY;0;0;100;100;EMPTY;0
GEMModule.PIVContainer.LoaderCarrierIDs[3];30000039;EMPTY;EMPTY;EMPTY;EMPTY;EMPTY;0;0;100;100;EMPTY;0
GEMModule.PIVContainer.LoaderLotIDs[0];30000005;EMPTY;EMPTY;EMPTY;EMPTY;EMPTY;0;0;100;100;EMPTY;0
GEMModule.PIVContainer.LoaderLotIDs[1];30000072;EMPTY;EMPTY;EMPTY;EMPTY;EMPTY;0;0;100;100;EMPTY;0
GEMModule.PIVContainer.LoaderLotIDs[2];30000026;EMPTY;EMPTY;EMPTY;EMPTY;EMPTY;0;0;100;100;EMPTY;0
GEMModule.PIVContainer.LoaderLotIDs[3];30000016;EMPTY;EMPTY;EMPTY;EMPTY;EMPTY;0;0;100;100;EMPTY;0
GEMModule.PIVContainer.LoaderSelectedSlotLists[0];30000052;EMPTY;EMPTY;EMPTY;EMPTY;EMPTY;0;0;100;100;EMPTY;0
GEMModule.PIVContainer.LoaderSelectedSlotLists[1];30000055;EMPTY;EMPTY;EMPTY;EMPTY;EMPTY;0;0;100;100;EMPTY;0
GEMModule.PIVContainer.LoaderSelectedSlotLists[2];30000063;EMPTY;EMPTY;EMPTY;EMPTY;EMPTY;0;0;100;100;EMPTY;0
GEMModule.PIVContainer.LoaderSelectedSlotLists[3];30000065;EMPTY;EMPTY;EMPTY;EMPTY;EMPTY;0;0;100;100;EMPTY;0
GEMModule.PIVContainer.PreHeatStates[0];30000101;EMPTY;EMPTY;EMPTY;EMPTY;EMPTY;0;0;100;100;EMPTY;0
GEMModule.PIVContainer.PreHeatStates[1];30000102;EMPTY;EMPTY;EMPTY;EMPTY;EMPTY;0;0;100;100;EMPTY;0
GEMModule.PIVContainer.PreHeatStates[10];30000111;EMPTY;EMPTY;EMPTY;EMPTY;EMPTY;0;0;100;100;EMPTY;0
GEMModule.PIVContainer.PreHeatStates[11];30000112;EMPTY;EMPTY;EMPTY;EMPTY;EMPTY;0;0;100;100;EMPTY;0
GEMModule.PIVContainer.PreHeatStates[2];30000103;EMPTY;EMPTY;EMPTY;EMPTY;EMPTY;0;0;100;100;EMPTY;0
GEMModule.PIVContainer.PreHeatStates[3];30000104;EMPTY;EMPTY;EMPTY;EMPTY;EMPTY;0;0;100;100;EMPTY;0
GEMModule.PIVContainer.PreHeatStates[4];30000105;EMPTY;EMPTY;EMPTY;EMPTY;EMPTY;0;0;100;100;EMPTY;0
GEMModule.PIVContainer.PreHeatStates[5];30000106;EMPTY;EMPTY;EMPTY;EMPTY;EMPTY;0;0;100;100;EMPTY;0
GEMModule.PIVContainer.PreHeatStates[6];30000107;EMPTY;EMPTY;EMPTY;EMPTY;EMPTY;0;0;100;100;EMPTY;0
GEMModule.PIVContainer.PreHeatStates[7];30000108;EMPTY;EMPTY;EMPTY;EMPTY;EMPTY;0;0;100;100;EMPTY;0
GEMModule.PIVContainer.PreHeatStates[8];30000109;EMPTY;EMPTY;EMPTY;EMPTY;EMPTY;0;0;100;100;EMPTY;0
GEMModule.PIVContainer.PreHeatStates[9];30000110;EMPTY;EMPTY;EMPTY;EMPTY;EMPTY;0;0;100;100;EMPTY;0
GEMModule.PIVContainer.SmokeSensorStatus[0];30000118;EMPTY;EMPTY;EMPTY;EMPTY;EMPTY;0;0;100;100;EMPTY;0
GEMModule.PIVContainer.SmokeSensorStatus[1];30000137;EMPTY;EMPTY;EMPTY;EMPTY;EMPTY;0;0;100;100;EMPTY;0
GEMModule.PIVContainer.SmokeSensorStatus[10];30000126;EMPTY;EMPTY;EMPTY;EMPTY;EMPTY;0;0;100;100;EMPTY;0
GEMModule.PIVContainer.SmokeSensorStatus[11];30000095;EMPTY;EMPTY;EMPTY;EMPTY;EMPTY;0;0;100;100;EMPTY;0
GEMModule.PIVContainer.SmokeSensorStatus[12];30000166;EMPTY;EMPTY;EMPTY;EMPTY;EMPTY;0;0;100;100;EMPTY;0
GEMModule.PIVContainer.SmokeSensorStatus[13];30000114;EMPTY;EMPTY;EMPTY;EMPTY;EMPTY;0;0;100;100;EMPTY;0
GEMModule.PIVContainer.SmokeSensorStatus[14];30000098;EMPTY;EMPTY;EMPTY;EMPTY;EMPTY;0;0;100;100;EMPTY;0
GEMModule.PIVContainer.SmokeSensorStatus[15];30000157;EMPTY;EMPTY;EMPTY;EMPTY;EMPTY;0;0;100;100;EMPTY;0
GEMModule.PIVContainer.SmokeSensorStatus[16];30000154;EMPTY;EMPTY;EMPTY;EMPTY;EMPTY;0;0;100;100;EMPTY;0
GEMModule.PIVContainer.SmokeSensorStatus[17];30000162;EMPTY;EMPTY;EMPTY;EMPTY;EMPTY;0;0;100;100;EMPTY;0
GEMModule.PIVContainer.SmokeSensorStatus[18];30000159;EMPTY;EMPTY;EMPTY;EMPTY;EMPTY;0;0;100;100;EMPTY;0
GEMModule.PIVContainer.SmokeSensorStatus[19];30000144;EMPTY;EMPTY;EMPTY;EMPTY;EMPTY;0;0;100;100;EMPTY;0
GEMModule.PIVContainer.SmokeSensorStatus[2];30000125;EMPTY;EMPTY;EMPTY;EMPTY;EMPTY;0;0;100;100;EMPTY;0
GEMModule.PIVContainer.SmokeSensorStatus[20];30000148;EMPTY;EMPTY;EMPTY;EMPTY;EMPTY;0;0;100;100;EMPTY;0
GEMModule.PIVContainer.SmokeSensorStatus[21];30000151;EMPTY;EMPTY;EMPTY;EMPTY;EMPTY;0;0;100;100;EMPTY;0
GEMModule.PIVContainer.SmokeSensorStatus[22];30000141;EMPTY;EMPTY;EMPTY;EMPTY;EMPTY;0;0;100;100;EMPTY;0
GEMModule.PIVContainer.SmokeSensorStatus[23];30000146;EMPTY;EMPTY;EMPTY;EMPTY;EMPTY;0;0;100;100;EMPTY;0
GEMModule.PIVContainer.SmokeSensorStatus[24];30000135;EMPTY;EMPTY;EMPTY;EMPTY;EMPTY;0;0;100;100;EMPTY;0
GEMModule.PIVContainer.SmokeSensorStatus[25];30000138;EMPTY;EMPTY;EMPTY;EMPTY;EMPTY;0;0;100;100;EMPTY;0
GEMModule.PIVContainer.SmokeSensorStatus[26];30000127;EMPTY;EMPTY;EMPTY;EMPTY;EMPTY;0;0;100;100;EMPTY;0
GEMModule.PIVContainer.SmokeSensorStatus[27];30000132;EMPTY;EMPTY;EMPTY;EMPTY;EMPTY;0;0;100;100;EMPTY;0
GEMModule.PIVContainer.SmokeSensorStatus[28];30000119;EMPTY;EMPTY;EMPTY;EMPTY;EMPTY;0;0;100;100;EMPTY;0
GEMModule.PIVContainer.SmokeSensorStatus[29];30000123;EMPTY;EMPTY;EMPTY;EMPTY;EMPTY;0;0;100;100;EMPTY;0
GEMModule.PIVContainer.SmokeSensorStatus[3];30000113;EMPTY;EMPTY;EMPTY;EMPTY;EMPTY;0;0;100;100;EMPTY;0
GEMModule.PIVContainer.SmokeSensorStatus[30];30000133;EMPTY;EMPTY;EMPTY;EMPTY;EMPTY;0;0;100;100;EMPTY;0
GEMModule.PIVContainer.SmokeSensorStatus[31];30000100;EMPTY;EMPTY;EMPTY;EMPTY;EMPTY;0;0;100;100;EMPTY;0
GEMModule.PIVContainer.SmokeSensorStatus[4];30000165;EMPTY;EMPTY;EMPTY;EMPTY;EMPTY;0;0;100;100;EMPTY;0
GEMModule.PIVContainer.SmokeSensorStatus[5];30000120;EMPTY;EMPTY;EMPTY;EMPTY;EMPTY;0;0;100;100;EMPTY;0
GEMModule.PIVContainer.SmokeSensorStatus[6];30000097;EMPTY;EMPTY;EMPTY;EMPTY;EMPTY;0;0;100;100;EMPTY;0
GEMModule.PIVContainer.SmokeSensorStatus[7];30000160;EMPTY;EMPTY;EMPTY;EMPTY;EMPTY;0;0;100;100;EMPTY;0
GEMModule.PIVContainer.SmokeSensorStatus[8];30000153;EMPTY;EMPTY;EMPTY;EMPTY;EMPTY;0;0;100;100;EMPTY;0
GEMModule.PIVContainer.SmokeSensorStatus[9];30000082;EMPTY;EMPTY;EMPTY;EMPTY;EMPTY;0;0;100;100;EMPTY;0
GEMModule.PIVContainer.SmokeSensorTemp[0];30000152;EMPTY;EMPTY;EMPTY;EMPTY;EMPTY;0;0;100;100;EMPTY;0
GEMModule.PIVContainer.SmokeSensorTemp[1];30000142;EMPTY;EMPTY;EMPTY;EMPTY;EMPTY;0;0;100;100;EMPTY;0
GEMModule.PIVContainer.SmokeSensorTemp[10];30000115;EMPTY;EMPTY;EMPTY;EMPTY;EMPTY;0;0;100;100;EMPTY;0
GEMModule.PIVContainer.SmokeSensorTemp[11];30000128;EMPTY;EMPTY;EMPTY;EMPTY;EMPTY;0;0;100;100;EMPTY;0
GEMModule.PIVContainer.SmokeSensorTemp[12];30000122;EMPTY;EMPTY;EMPTY;EMPTY;EMPTY;0;0;100;100;EMPTY;0
GEMModule.PIVContainer.SmokeSensorTemp[13];30000167;EMPTY;EMPTY;EMPTY;EMPTY;EMPTY;0;0;100;100;EMPTY;0
GEMModule.PIVContainer.SmokeSensorTemp[14];30000163;EMPTY;EMPTY;EMPTY;EMPTY;EMPTY;0;0;100;100;EMPTY;0
GEMModule.PIVContainer.SmokeSensorTemp[15];30000099;EMPTY;EMPTY;EMPTY;EMPTY;EMPTY;0;0;100;100;EMPTY;0
GEMModule.PIVContainer.SmokeSensorTemp[16];30000096;EMPTY;EMPTY;EMPTY;EMPTY;EMPTY;0;0;100;100;EMPTY;0
GEMModule.PIVContainer.SmokeSensorTemp[17];30000155;EMPTY;EMPTY;EMPTY;EMPTY;EMPTY;0;0;100;100;EMPTY;0
GEMModule.PIVContainer.SmokeSensorTemp[18];30000145;EMPTY;EMPTY;EMPTY;EMPTY;EMPTY;0;0;100;100;EMPTY;0
GEMModule.PIVContainer.SmokeSensorTemp[19];30000156;EMPTY;EMPTY;EMPTY;EMPTY;EMPTY;0;0;100;100;EMPTY;0
GEMModule.PIVContainer.SmokeSensorTemp[2];30000131;EMPTY;EMPTY;EMPTY;EMPTY;EMPTY;0;0;100;100;EMPTY;0
GEMModule.PIVContainer.SmokeSensorTemp[20];30000139;EMPTY;EMPTY;EMPTY;EMPTY;EMPTY;0;0;100;100;EMPTY;0
GEMModule.PIVContainer.SmokeSensorTemp[21];30000143;EMPTY;EMPTY;EMPTY;EMPTY;EMPTY;0;0;100;100;EMPTY;0
GEMModule.PIVContainer.SmokeSensorTemp[22];30000158;EMPTY;EMPTY;EMPTY;EMPTY;EMPTY;0;0;100;100;EMPTY;0
GEMModule.PIVContainer.SmokeSensorTemp[23];30000161;EMPTY;EMPTY;EMPTY;EMPTY;EMPTY;0;0;100;100;EMPTY;0
GEMModule.PIVContainer.SmokeSensorTemp[24];30000124;EMPTY;EMPTY;EMPTY;EMPTY;EMPTY;0;0;100;100;EMPTY;0
GEMModule.PIVContainer.SmokeSensorTemp[25];30000130;EMPTY;EMPTY;EMPTY;EMPTY;EMPTY;0;0;100;100;EMPTY;0
GEMModule.PIVContainer.SmokeSensorTemp[26];30000147;EMPTY;EMPTY;EMPTY;EMPTY;EMPTY;0;0;100;100;EMPTY;0
GEMModule.PIVContainer.SmokeSensorTemp[27];30000150;EMPTY;EMPTY;EMPTY;EMPTY;EMPTY;0;0;100;100;EMPTY;0
GEMModule.PIVContainer.SmokeSensorTemp[28];30000164;EMPTY;EMPTY;EMPTY;EMPTY;EMPTY;0;0;100;100;EMPTY;0
GEMModule.PIVContainer.SmokeSensorTemp[29];30000080;EMPTY;EMPTY;EMPTY;EMPTY;EMPTY;0;0;100;100;EMPTY;0
GEMModule.PIVContainer.SmokeSensorTemp[3];30000149;EMPTY;EMPTY;EMPTY;EMPTY;EMPTY;0;0;100;100;EMPTY;0
GEMModule.PIVContainer.SmokeSensorTemp[30];30000121;EMPTY;EMPTY;EMPTY;EMPTY;EMPTY;0;0;100;100;EMPTY;0
GEMModule.PIVContainer.SmokeSensorTemp[31];30000134;EMPTY;EMPTY;EMPTY;EMPTY;EMPTY;0;0;100;100;EMPTY;0
GEMModule.PIVContainer.SmokeSensorTemp[4];30000140;EMPTY;EMPTY;EMPTY;EMPTY;EMPTY;0;0;100;100;EMPTY;0
GEMModule.PIVContainer.SmokeSensorTemp[5];30000129;EMPTY;EMPTY;EMPTY;EMPTY;EMPTY;0;0;100;100;EMPTY;0
GEMModule.PIVContainer.SmokeSensorTemp[6];30000116;EMPTY;EMPTY;EMPTY;EMPTY;EMPTY;0;0;100;100;EMPTY;0
GEMModule.PIVContainer.SmokeSensorTemp[7];30000136;EMPTY;EMPTY;EMPTY;EMPTY;EMPTY;0;0;100;100;EMPTY;0
GEMModule.PIVContainer.SmokeSensorTemp[8];30000117;EMPTY;EMPTY;EMPTY;EMPTY;EMPTY;0;0;100;100;EMPTY;0
GEMModule.PIVContainer.SmokeSensorTemp[9];30000168;EMPTY;EMPTY;EMPTY;EMPTY;EMPTY;0;0;100;100;EMPTY;0
GEMModule.PIVContainer.StageProberCardIDs[0];30002011;EMPTY;EMPTY;EMPTY;EMPTY;EMPTY;0;0;100;100;EMPTY;2011
GEMModule.PIVContainer.StageProberCardIDs[1];30002012;EMPTY;EMPTY;EMPTY;EMPTY;EMPTY;0;0;100;100;EMPTY;2012
GEMModule.PIVContainer.StageProberCardIDs[10];30002021;EMPTY;EMPTY;EMPTY;EMPTY;EMPTY;0;0;100;100;EMPTY;2021
GEMModule.PIVContainer.StageProberCardIDs[11];30002022;EMPTY;EMPTY;EMPTY;EMPTY;EMPTY;0;0;100;100;EMPTY;2022
GEMModule.PIVContainer.StageProberCardIDs[2];30002013;EMPTY;EMPTY;EMPTY;EMPTY;EMPTY;0;0;100;100;EMPTY;2013
GEMModule.PIVContainer.StageProberCardIDs[3];30002014;EMPTY;EMPTY;EMPTY;EMPTY;EMPTY;0;0;100;100;EMPTY;2014
GEMModule.PIVContainer.StageProberCardIDs[4];30002015;EMPTY;EMPTY;EMPTY;EMPTY;EMPTY;0;0;100;100;EMPTY;2015
GEMModule.PIVContainer.StageProberCardIDs[5];30002016;EMPTY;EMPTY;EMPTY;EMPTY;EMPTY;0;0;100;100;EMPTY;2016
GEMModule.PIVContainer.StageProberCardIDs[6];30002017;EMPTY;EMPTY;EMPTY;EMPTY;EMPTY;0;0;100;100;EMPTY;2017
GEMModule.PIVContainer.StageProberCardIDs[7];30002018;EMPTY;EMPTY;EMPTY;EMPTY;EMPTY;0;0;100;100;EMPTY;2018
GEMModule.PIVContainer.StageProberCardIDs[8];30002019;EMPTY;EMPTY;EMPTY;EMPTY;EMPTY;0;0;100;100;EMPTY;2019
GEMModule.PIVContainer.StageProberCardIDs[9];30002020;EMPTY;EMPTY;EMPTY;EMPTY;EMPTY;0;0;100;100;EMPTY;2020
GEMModule.PIVContainer.StagePVTemp[0];30002101;EMPTY;EMPTY;EMPTY;EMPTY;EMPTY;0;0;100;100;EMPTY;2101
GEMModule.PIVContainer.StagePVTemp[1];30002102;EMPTY;EMPTY;EMPTY;EMPTY;EMPTY;0;0;100;100;EMPTY;2102
GEMModule.PIVContainer.StagePVTemp[10];30002111;EMPTY;EMPTY;EMPTY;EMPTY;EMPTY;0;0;100;100;EMPTY;2111
GEMModule.PIVContainer.StagePVTemp[11];30002112;EMPTY;EMPTY;EMPTY;EMPTY;EMPTY;0;0;100;100;EMPTY;2112
GEMModule.PIVContainer.StagePVTemp[2];30002103;EMPTY;EMPTY;EMPTY;EMPTY;EMPTY;0;0;100;100;EMPTY;2103
GEMModule.PIVContainer.StagePVTemp[3];30002104;EMPTY;EMPTY;EMPTY;EMPTY;EMPTY;0;0;100;100;EMPTY;2104
GEMModule.PIVContainer.StagePVTemp[4];30002105;EMPTY;EMPTY;EMPTY;EMPTY;EMPTY;0;0;100;100;EMPTY;2105
GEMModule.PIVContainer.StagePVTemp[5];30002106;EMPTY;EMPTY;EMPTY;EMPTY;EMPTY;0;0;100;100;EMPTY;2106
GEMModule.PIVContainer.StagePVTemp[6];30002107;EMPTY;EMPTY;EMPTY;EMPTY;EMPTY;0;0;100;100;EMPTY;2107
GEMModule.PIVContainer.StagePVTemp[7];30002108;EMPTY;EMPTY;EMPTY;EMPTY;EMPTY;0;0;100;100;EMPTY;2108
GEMModule.PIVContainer.StagePVTemp[8];30002109;EMPTY;EMPTY;EMPTY;EMPTY;EMPTY;0;0;100;100;EMPTY;2109
GEMModule.PIVContainer.StagePVTemp[9];30002110;EMPTY;EMPTY;EMPTY;EMPTY;EMPTY;0;0;100;100;EMPTY;2110
GEMModule.PIVContainer.StageRecipeNames[0];30002031;EMPTY;EMPTY;EMPTY;EMPTY;EMPTY;0;0;100;100;EMPTY;2031
GEMModule.PIVContainer.StageRecipeNames[1];30002032;EMPTY;EMPTY;EMPTY;EMPTY;EMPTY;0;0;100;100;EMPTY;2032
GEMModule.PIVContainer.StageRecipeNames[10];30002041;EMPTY;EMPTY;EMPTY;EMPTY;EMPTY;0;0;100;100;EMPTY;2041
GEMModule.PIVContainer.StageRecipeNames[11];30002042;EMPTY;EMPTY;EMPTY;EMPTY;EMPTY;0;0;100;100;EMPTY;2042
GEMModule.PIVContainer.StageRecipeNames[2];30002033;EMPTY;EMPTY;EMPTY;EMPTY;EMPTY;0;0;100;100;EMPTY;2033
GEMModule.PIVContainer.StageRecipeNames[3];30002034;EMPTY;EMPTY;EMPTY;EMPTY;EMPTY;0;0;100;100;EMPTY;2034
GEMModule.PIVContainer.StageRecipeNames[4];30002035;EMPTY;EMPTY;EMPTY;EMPTY;EMPTY;0;0;100;100;EMPTY;2035
GEMModule.PIVContainer.StageRecipeNames[5];30002036;EMPTY;EMPTY;EMPTY;EMPTY;EMPTY;0;0;100;100;EMPTY;2036
GEMModule.PIVContainer.StageRecipeNames[6];30002037;EMPTY;EMPTY;EMPTY;EMPTY;EMPTY;0;0;100;100;EMPTY;2037
GEMModule.PIVContainer.StageRecipeNames[7];30002038;EMPTY;EMPTY;EMPTY;EMPTY;EMPTY;0;0;100;100;EMPTY;2038
GEMModule.PIVContainer.StageRecipeNames[8];30002039;EMPTY;EMPTY;EMPTY;EMPTY;EMPTY;0;0;100;100;EMPTY;2039
GEMModule.PIVContainer.StageRecipeNames[9];30002040;EMPTY;EMPTY;EMPTY;EMPTY;EMPTY;0;0;100;100;EMPTY;2040
GEMModule.PIVContainer.StageStates[0];30002071;EMPTY;EMPTY;EMPTY;EMPTY;EMPTY;0;0;100;100;EMPTY;2071
GEMModule.PIVContainer.StageStates[1];30002072;EMPTY;EMPTY;EMPTY;EMPTY;EMPTY;0;0;100;100;EMPTY;2072
GEMModule.PIVContainer.StageStates[10];30002081;EMPTY;EMPTY;EMPTY;EMPTY;EMPTY;0;0;100;100;EMPTY;2081
GEMModule.PIVContainer.StageStates[11];30002082;EMPTY;EMPTY;EMPTY;EMPTY;EMPTY;0;0;100;100;EMPTY;2082
GEMModule.PIVContainer.StageStates[2];30002073;EMPTY;EMPTY;EMPTY;EMPTY;EMPTY;0;0;100;100;EMPTY;2073
GEMModule.PIVContainer.StageStates[3];30002074;EMPTY;EMPTY;EMPTY;EMPTY;EMPTY;0;0;100;100;EMPTY;2074
GEMModule.PIVContainer.StageStates[4];30002075;EMPTY;EMPTY;EMPTY;EMPTY;EMPTY;0;0;100;100;EMPTY;2075
GEMModule.PIVContainer.StageStates[5];30002076;EMPTY;EMPTY;EMPTY;EMPTY;EMPTY;0;0;100;100;EMPTY;2076
GEMModule.PIVContainer.StageStates[6];30002077;EMPTY;EMPTY;EMPTY;EMPTY;EMPTY;0;0;100;100;EMPTY;2077
GEMModule.PIVContainer.StageStates[7];30002078;EMPTY;EMPTY;EMPTY;EMPTY;EMPTY;0;0;100;100;EMPTY;2078
GEMModule.PIVContainer.StageStates[8];30002079;EMPTY;EMPTY;EMPTY;EMPTY;EMPTY;0;0;100;100;EMPTY;2079
GEMModule.PIVContainer.StageStates[9];30002080;EMPTY;EMPTY;EMPTY;EMPTY;EMPTY;0;0;100;100;EMPTY;2080
GEMModule.PIVContainer.StageSVTemp[0];30002051;EMPTY;EMPTY;EMPTY;EMPTY;EMPTY;0;0;100;100;EMPTY;2051
GEMModule.PIVContainer.StageSVTemp[1];30002052;EMPTY;EMPTY;EMPTY;EMPTY;EMPTY;0;0;100;100;EMPTY;2052
GEMModule.PIVContainer.StageSVTemp[10];30002061;EMPTY;EMPTY;EMPTY;EMPTY;EMPTY;0;0;100;100;EMPTY;2061
GEMModule.PIVContainer.StageSVTemp[11];30002062;EMPTY;EMPTY;EMPTY;EMPTY;EMPTY;0;0;100;100;EMPTY;2062
GEMModule.PIVContainer.StageSVTemp[2];30002053;EMPTY;EMPTY;EMPTY;EMPTY;EMPTY;0;0;100;100;EMPTY;2053
GEMModule.PIVContainer.StageSVTemp[3];30002054;EMPTY;EMPTY;EMPTY;EMPTY;EMPTY;0;0;100;100;EMPTY;2054
GEMModule.PIVContainer.StageSVTemp[4];30002055;EMPTY;EMPTY;EMPTY;EMPTY;EMPTY;0;0;100;100;EMPTY;2055
GEMModule.PIVContainer.StageSVTemp[5];30002056;EMPTY;EMPTY;EMPTY;EMPTY;EMPTY;0;0;100;100;EMPTY;2056
GEMModule.PIVContainer.StageSVTemp[6];30002057;EMPTY;EMPTY;EMPTY;EMPTY;EMPTY;0;0;100;100;EMPTY;2057
GEMModule.PIVContainer.StageSVTemp[7];30002058;EMPTY;EMPTY;EMPTY;EMPTY;EMPTY;0;0;100;100;EMPTY;2058
GEMModule.PIVContainer.StageSVTemp[8];30002059;EMPTY;EMPTY;EMPTY;EMPTY;EMPTY;0;0;100;100;EMPTY;2059
GEMModule.PIVContainer.StageSVTemp[9];30002060;EMPTY;EMPTY;EMPTY;EMPTY;EMPTY;0;0;100;100;EMPTY;2060
GEMModule.PIVContainer.StageProberIDs[0];30001226;EMPTY;EMPTY;EMPTY;EMPTY;EMPTY;0;0;100;100;EMPTY;2003
GEMModule.PIVContainer.StageProberIDs[1];30001227;EMPTY;EMPTY;EMPTY;EMPTY;EMPTY;0;0;100;100;EMPTY;2004
GEMModule.PIVContainer.StageProberIDs[10];30001228;EMPTY;EMPTY;EMPTY;EMPTY;EMPTY;0;0;100;100;EMPTY;0
GEMModule.PIVContainer.StageProberIDs[11];30001229;EMPTY;EMPTY;EMPTY;EMPTY;EMPTY;0;0;100;100;EMPTY;0
GEMModule.PIVContainer.StageProberIDs[2];30001230;EMPTY;EMPTY;EMPTY;EMPTY;EMPTY;0;0;100;100;EMPTY;2005
GEMModule.PIVContainer.StageProberIDs[3];30001231;EMPTY;EMPTY;EMPTY;EMPTY;EMPTY;0;0;100;100;EMPTY;0
GEMModule.PIVContainer.StageProberIDs[4];30001232;EMPTY;EMPTY;EMPTY;EMPTY;EMPTY;0;0;100;100;EMPTY;0
GEMModule.PIVContainer.StageProberIDs[5];30001233;EMPTY;EMPTY;EMPTY;EMPTY;EMPTY;0;0;100;100;EMPTY;0
GEMModule.PIVContainer.StageProberIDs[6];30001234;EMPTY;EMPTY;EMPTY;EMPTY;EMPTY;0;0;100;100;EMPTY;0
GEMModule.PIVContainer.StageProberIDs[7];30001235;EMPTY;EMPTY;EMPTY;EMPTY;EMPTY;0;0;100;100;EMPTY;0
GEMModule.PIVContainer.StageProberIDs[8];30001236;EMPTY;EMPTY;EMPTY;EMPTY;EMPTY;0;0;100;100;EMPTY;0

GEMModule.PIVContainer.FixedTrayPolishWaferIds[0];30001251;EMPTY;EMPTY;EMPTY;EMPTY;EMPTY;0;0;100;100;EMPTY;6041
GEMModule.PIVContainer.FixedTrayPolishWaferIds[1];30001252;EMPTY;EMPTY;EMPTY;EMPTY;EMPTY;0;0;100;100;EMPTY;6042
GEMModule.PIVContainer.FixedTrayPolishWaferIds[2];30001253;EMPTY;EMPTY;EMPTY;EMPTY;EMPTY;0;0;100;100;EMPTY;6043
GEMModule.PIVContainer.FixedTrayPolishWaferIds[3];30001254;EMPTY;EMPTY;EMPTY;EMPTY;EMPTY;0;0;100;100;EMPTY;6044
GEMModule.PIVContainer.FixedTrayPolishWaferIds[4];30001255;EMPTY;EMPTY;EMPTY;EMPTY;EMPTY;0;0;100;100;EMPTY;6045
GEMModule.PIVContainer.FixedTrayPolishWaferIds[5];30001256;EMPTY;EMPTY;EMPTY;EMPTY;EMPTY;0;0;100;100;EMPTY;6046
GEMModule.PIVContainer.FixedTrayPolishWaferIds[6];30001257;EMPTY;EMPTY;EMPTY;EMPTY;EMPTY;0;0;100;100;EMPTY;6047
GEMModule.PIVContainer.FixedTrayPolishWaferTouchCounts[0];30001261;EMPTY;EMPTY;EMPTY;EMPTY;EMPTY;0;0;100;100;EMPTY;6051
GEMModule.PIVContainer.FixedTrayPolishWaferTouchCounts[1];30001262;EMPTY;EMPTY;EMPTY;EMPTY;EMPTY;0;0;100;100;EMPTY;6052
GEMModule.PIVContainer.FixedTrayPolishWaferTouchCounts[2];30001263;EMPTY;EMPTY;EMPTY;EMPTY;EMPTY;0;0;100;100;EMPTY;6053
GEMModule.PIVContainer.FixedTrayPolishWaferTouchCounts[3];30001264;EMPTY;EMPTY;EMPTY;EMPTY;EMPTY;0;0;100;100;EMPTY;6054
GEMModule.PIVContainer.FixedTrayPolishWaferTouchCounts[4];30001265;EMPTY;EMPTY;EMPTY;EMPTY;EMPTY;0;0;100;100;EMPTY;6055
GEMModule.PIVContainer.FixedTrayPolishWaferTouchCounts[5];30001266;EMPTY;EMPTY;EMPTY;EMPTY;EMPTY;0;0;100;100;EMPTY;6056
GEMModule.PIVContainer.FixedTrayPolishWaferTouchCounts[6];30001267;EMPTY;EMPTY;EMPTY;EMPTY;EMPTY;0;0;100;100;EMPTY;6057

GEMModule.PIVContainer.WaferAutofeedResult;30001280;EMPTY;EMPTY;EMPTY;EMPTY;EMPTY;0;0;100;100;EMPTY;30511
GEMModule.PIVContainer.PolishWaferIDReadResult;30001290;EMPTY;EMPTY;EMPTY;EMPTY;EMPTY;0;0;100;100;EMPTY;30512


StageSupervisor.MarkObject.AlignState;30000019;EMPTY;EMPTY;EMPTY;EMPTY;EMPTY;0;0;100;100;EMPTY;0
StageSupervisor.MarkObject.MarkSetupChangedToggle;30000012;EMPTY;EMPTY;EMPTY;EMPTY;EMPTY;0;0;100;100;EMPTY;0
StageSupervisor.ProbeCard.AlignState;30000037;EMPTY;EMPTY;EMPTY;EMPTY;EMPTY;0;0;100;100;EMPTY;0
StageSupervisor.ProbeCard.PinSetupChangedToggle;30000048;EMPTY;EMPTY;EMPTY;EMPTY;EMPTY;0;0;100;100;EMPTY;0
StageSupervisor.ProbeCard.ProbeCardChangedToggle;30000079;EMPTY;EMPTY;C2,D896;EMPTY;EMPTY;0;0;100;100;EMPTY;0
StageSupervisor.WaferObject.AlignState;30000027;EMPTY;EMPTY;EMPTY;EMPTY;EMPTY;0;0;100;100;EMPTY;0
StageSupervisor.WaferObject.PadSetupChangedToggle;30000022;EMPTY;EMPTY;C6,C4;EMPTY;EMPTY;0;0;100;100;EMPTY;0
StageSupervisor.WaferObject.PolishWaferInfo.CurrentAngle;30000034;EMPTY;EMPTY;EMPTY;EMPTY;EMPTY;0;0;100;100;EMPTY;0
StageSupervisor.WaferObject.PolishWaferInfo.DefineName;30000031;EMPTY;EMPTY;EMPTY;EMPTY;EMPTY;0;0;100;100;EMPTY;0
StageSupervisor.WaferObject.PolishWaferInfo.IdentificationColorBrush;30000032;EMPTY;EMPTY;EMPTY;EMPTY;EMPTY;0;0;100;100;EMPTY;0
StageSupervisor.WaferObject.PolishWaferInfo.Margin;30000076;EMPTY;EMPTY;EMPTY;EMPTY;EMPTY;0;0;100;100;EMPTY;0
StageSupervisor.WaferObject.PolishWaferInfo.MaxLimitCount;30000028;EMPTY;EMPTY;EMPTY;EMPTY;EMPTY;0;0;100;100;EMPTY;0
StageSupervisor.WaferObject.PolishWaferInfo.RotateAngle;30000045;EMPTY;EMPTY;EMPTY;EMPTY;EMPTY;0;0;100;100;EMPTY;0
StageSupervisor.WaferObject.PolishWaferInfo.Size;30000029;EMPTY;EMPTY;EMPTY;EMPTY;EMPTY;0;0;100;100;EMPTY;0
StageSupervisor.WaferObject.PolishWaferInfo.Thickness;30000023;EMPTY;EMPTY;EMPTY;EMPTY;EMPTY;0;0;100;100;EMPTY;0
StageSupervisor.WaferObject.PolishWaferInfo.TouchCount;30000041;EMPTY;EMPTY;EMPTY;EMPTY;EMPTY;0;0;100;100;EMPTY;0
StageSupervisor.WaferObject.WaferAlignSetupChangedToggle;30000013;EMPTY;EMPTY;C2;EMPTY;EMPTY;0;0;100;100;EMPTY;0
TempController.TemperatureInfo.CurTemp;30000040;EMPTY;EMPTY;EMPTY;EMPTY;EMPTY;0;0;100;100;EMPTY;0
TempController.TemperatureInfo.DewPoint;30000033;EMPTY;EMPTY;EMPTY;EMPTY;EMPTY;0;0;100;100;EMPTY;0
TempController.TemperatureInfo.MV;30000038;EMPTY;EMPTY;EMPTY;EMPTY;EMPTY;0;0;100;100;EMPTY;0
TempController.TemperatureInfo.PreSetTemp;30000018;EMPTY;EMPTY;EMPTY;EMPTY;EMPTY;0;0;100;100;EMPTY;0
TempController.TemperatureInfo.SetTemp;30000043;EMPTY;EMPTY;EMPTY;EMPTY;EMPTY;0;0;100;100;EMPTY;0
TempController.TemperatureInfo.TargetTemp;30000025;EMPTY;EMPTY;EMPTY;EMPTY;EMPTY;0;0;100;100;EMPTY;0
