PropertyPath;ElementID;ElementName;ElementAdmin;AssociateElementID;CategoryID;Unit;LowerLimit;UpperLimit;ReadMaskingLevel;WriteMaskingLevel;Description;VID;
GEM.PIVContainer.ArmNumber;30010022;EMPTY;EMPTY;EMPTY;EMPTY;EMPTY;0;0;100;100;EMPTY;10022;
GEM.PIVContainer.CarrierID;30005002;EMPTY;EMPTY;EMPTY;EMPTY;EMPTY;0;0;100;100;EMPTY;5002;
GEM.PIVContainer.FoupNumber;30005001;EMPTY;EMPTY;EMPTY;EMPTY;EMPTY;0;0;100;100;EMPTY;5001;
GEM.PIVContainer.FullSite;30001605;EMPTY;EMPTY;EMPTY;EMPTY;EMPTY;0;0;100;100;EMPTY;1605;
GEM.PIVContainer.ListOfSlot;30005004;EMPTY;EMPTY;EMPTY;EMPTY;EMPTY;0;0;100;100;EMPTY;5004;
GEM.PIVContainer.LoadFoupNumber;30005001;EMPTY;EMPTY;EMPTY;EMPTY;EMPTY;0;0;100;100;EMPTY;5001;
GEM.PIVContainer.LotID;30001120;EMPTY;EMPTY;EMPTY;EMPTY;EMPTY;0;0;100;100;EMPTY;1120;
GEM.PIVContainer.PreAlignNumber;30010021;EMPTY;EMPTY;EMPTY;EMPTY;EMPTY;0;0;100;100;EMPTY;10021;
GEM.PIVContainer.ProbeCardID;30002004;EMPTY;EMPTY;EMPTY;EMPTY;EMPTY;0;0;100;100;EMPTY;2004;
GEM.PIVContainer.ProberType;30002003;EMPTY;EMPTY;EMPTY;EMPTY;EMPTY;0;0;100;100;EMPTY;2003;
GEM.PIVContainer.RecipeID;30002005;EMPTY;EMPTY;EMPTY;EMPTY;EMPTY;0;0;100;100;EMPTY;2005;
GEM.PIVContainer.SetTemperature;30001025;EMPTY;EMPTY;EMPTY;EMPTY;EMPTY;0;0;100;100;EMPTY;1025;
GEM.PIVContainer.SoakingTimeSec;30001701;EMPTY;EMPTY;EMPTY;EMPTY;EMPTY;0;0;100;100;EMPTY;1701;
GEM.PIVContainer.StageNumber;30002002;EMPTY;EMPTY;EMPTY;EMPTY;EMPTY;0;0;100;100;EMPTY;2002;
GEM.PIVContainer.WaferID;30001600;EMPTY;EMPTY;EMPTY;EMPTY;EMPTY;0;0;100;100;EMPTY;1600;
GEM.PIVContainer.XCoordinate;30001606;EMPTY;EMPTY;EMPTY;EMPTY;EMPTY;0;0;100;100;EMPTY;1606;
GEM.PIVContainer.YCoordinate;30001607;EMPTY;EMPTY;EMPTY;EMPTY;EMPTY;0;0;100;100;EMPTY;1607;
GEM.PIVContainer.VerifyParamResultMap;30002006;EMPTY;EMPTY;EMPTY;EMPTY;EMPTY;0;0;100;100;EMPTY;2006;
GEMModule.PIVContainer.FoupStates[0];30001007;EMPTY;EMPTY;EMPTY;EMPTY;EMPTY;0;0;100;100;EMPTY;1007;
GEMModule.PIVContainer.FoupStates[1];30001008;EMPTY;EMPTY;EMPTY;EMPTY;EMPTY;0;0;100;100;EMPTY;1008;
GEMModule.PIVContainer.FoupStates[2];30001009;EMPTY;EMPTY;EMPTY;EMPTY;EMPTY;0;0;100;100;EMPTY;1009;
GEMModule.PIVContainer.StageProberCardIDs[0];30002011;EMPTY;EMPTY;EMPTY;EMPTY;EMPTY;0;0;100;100;EMPTY;2011;
GEMModule.PIVContainer.StageProberCardIDs[1];30002012;EMPTY;EMPTY;EMPTY;EMPTY;EMPTY;0;0;100;100;EMPTY;2012;
GEMModule.PIVContainer.StageProberCardIDs[10];30002021;EMPTY;EMPTY;EMPTY;EMPTY;EMPTY;0;0;100;100;EMPTY;2021;
GEMModule.PIVContainer.StageProberCardIDs[11];30002022;EMPTY;EMPTY;EMPTY;EMPTY;EMPTY;0;0;100;100;EMPTY;2022;
GEMModule.PIVContainer.StageProberCardIDs[2];30002013;EMPTY;EMPTY;EMPTY;EMPTY;EMPTY;0;0;100;100;EMPTY;2013;
GEMModule.PIVContainer.StageProberCardIDs[3];30002014;EMPTY;EMPTY;EMPTY;EMPTY;EMPTY;0;0;100;100;EMPTY;2014;
GEMModule.PIVContainer.StageProberCardIDs[4];30002015;EMPTY;EMPTY;EMPTY;EMPTY;EMPTY;0;0;100;100;EMPTY;2015;
GEMModule.PIVContainer.StageProberCardIDs[5];30002016;EMPTY;EMPTY;EMPTY;EMPTY;EMPTY;0;0;100;100;EMPTY;2016;
GEMModule.PIVContainer.StageProberCardIDs[6];30002017;EMPTY;EMPTY;EMPTY;EMPTY;EMPTY;0;0;100;100;EMPTY;2017;
GEMModule.PIVContainer.StageProberCardIDs[7];30002018;EMPTY;EMPTY;EMPTY;EMPTY;EMPTY;0;0;100;100;EMPTY;2018;
GEMModule.PIVContainer.StageProberCardIDs[8];30002019;EMPTY;EMPTY;EMPTY;EMPTY;EMPTY;0;0;100;100;EMPTY;2019;
GEMModule.PIVContainer.StageProberCardIDs[9];30002020;EMPTY;EMPTY;EMPTY;EMPTY;EMPTY;0;0;100;100;EMPTY;2020;
GEMModule.PIVContainer.FoupAccessModes[0];30001021;EMPTY;EMPTY;EMPTY;EMPTY;EMPTY;0;0;100;100;EMPTY;1021;
GEMModule.PIVContainer.FoupAccessModes[1];30001022;EMPTY;EMPTY;EMPTY;EMPTY;EMPTY;0;0;100;100;EMPTY;1022;
GEMModule.PIVContainer.FoupAccessModes[2];30001023;EMPTY;EMPTY;EMPTY;EMPTY;EMPTY;0;0;100;100;EMPTY;1023;
GEMModule.PIVContainer.StageStates[0];30002071;EMPTY;EMPTY;EMPTY;EMPTY;EMPTY;0;0;100;100;EMPTY;2071;
GEMModule.PIVContainer.StageStates[1];30002072;EMPTY;EMPTY;EMPTY;EMPTY;EMPTY;0;0;100;100;EMPTY;2072;
GEMModule.PIVContainer.StageStates[10];30002081;EMPTY;EMPTY;EMPTY;EMPTY;EMPTY;0;0;100;100;EMPTY;2081;
GEMModule.PIVContainer.StageStates[11];30002082;EMPTY;EMPTY;EMPTY;EMPTY;EMPTY;0;0;100;100;EMPTY;2082;
GEMModule.PIVContainer.StageStates[2];30002073;EMPTY;EMPTY;EMPTY;EMPTY;EMPTY;0;0;100;100;EMPTY;2073;
GEMModule.PIVContainer.StageStates[3];30002074;EMPTY;EMPTY;EMPTY;EMPTY;EMPTY;0;0;100;100;EMPTY;2074;
GEMModule.PIVContainer.StageStates[4];30002075;EMPTY;EMPTY;EMPTY;EMPTY;EMPTY;0;0;100;100;EMPTY;2075;
GEMModule.PIVContainer.StageStates[5];30002076;EMPTY;EMPTY;EMPTY;EMPTY;EMPTY;0;0;100;100;EMPTY;2076;
GEMModule.PIVContainer.StageStates[6];30002077;EMPTY;EMPTY;EMPTY;EMPTY;EMPTY;0;0;100;100;EMPTY;2077;
GEMModule.PIVContainer.StageStates[7];30002078;EMPTY;EMPTY;EMPTY;EMPTY;EMPTY;0;0;100;100;EMPTY;2078;
GEMModule.PIVContainer.StageStates[8];30002079;EMPTY;EMPTY;EMPTY;EMPTY;EMPTY;0;0;100;100;EMPTY;2079;
GEMModule.PIVContainer.StageStates[9];30002080;EMPTY;EMPTY;EMPTY;EMPTY;EMPTY;0;0;100;100;EMPTY;2080;
GEMModule.PIVContainer.StageRecipeNames[0];30002031;EMPTY;EMPTY;EMPTY;EMPTY;EMPTY;0;0;100;100;EMPTY;2031;
GEMModule.PIVContainer.StageRecipeNames[1];30002032;EMPTY;EMPTY;EMPTY;EMPTY;EMPTY;0;0;100;100;EMPTY;2032;
GEMModule.PIVContainer.StageRecipeNames[10];30002041;EMPTY;EMPTY;EMPTY;EMPTY;EMPTY;0;0;100;100;EMPTY;2041;
GEMModule.PIVContainer.StageRecipeNames[11];30002042;EMPTY;EMPTY;EMPTY;EMPTY;EMPTY;0;0;100;100;EMPTY;2042;
GEMModule.PIVContainer.StageRecipeNames[2];30002033;EMPTY;EMPTY;EMPTY;EMPTY;EMPTY;0;0;100;100;EMPTY;2033;
GEMModule.PIVContainer.StageRecipeNames[3];30002034;EMPTY;EMPTY;EMPTY;EMPTY;EMPTY;0;0;100;100;EMPTY;2034;
GEMModule.PIVContainer.StageRecipeNames[4];30002035;EMPTY;EMPTY;EMPTY;EMPTY;EMPTY;0;0;100;100;EMPTY;2035;
GEMModule.PIVContainer.StageRecipeNames[5];30002036;EMPTY;EMPTY;EMPTY;EMPTY;EMPTY;0;0;100;100;EMPTY;2036;
GEMModule.PIVContainer.StageRecipeNames[6];30002037;EMPTY;EMPTY;EMPTY;EMPTY;EMPTY;0;0;100;100;EMPTY;2037;
GEMModule.PIVContainer.StageRecipeNames[7];30002038;EMPTY;EMPTY;EMPTY;EMPTY;EMPTY;0;0;100;100;EMPTY;2038;
GEMModule.PIVContainer.StageRecipeNames[8];30002039;EMPTY;EMPTY;EMPTY;EMPTY;EMPTY;0;0;100;100;EMPTY;2039;
GEMModule.PIVContainer.StageRecipeNames[9];30002040;EMPTY;EMPTY;EMPTY;EMPTY;EMPTY;0;0;100;100;EMPTY;2040;
GEMModule.PIVContainer.StageCurTemperatures[0];30002051;EMPTY;EMPTY;EMPTY;EMPTY;EMPTY;0;0;100;100;EMPTY;2051;
GEMModule.PIVContainer.StageCurTemperatures[1];30002052;EMPTY;EMPTY;EMPTY;EMPTY;EMPTY;0;0;100;100;EMPTY;2052;
GEMModule.PIVContainer.StageCurTemperatures[10];30002061;EMPTY;EMPTY;EMPTY;EMPTY;EMPTY;0;0;100;100;EMPTY;2061;
GEMModule.PIVContainer.StageCurTemperatures[11];30002062;EMPTY;EMPTY;EMPTY;EMPTY;EMPTY;0;0;100;100;EMPTY;2062;
GEMModule.PIVContainer.StageCurTemperatures[2];30002053;EMPTY;EMPTY;EMPTY;EMPTY;EMPTY;0;0;100;100;EMPTY;2053;
GEMModule.PIVContainer.StageCurTemperatures[3];30002054;EMPTY;EMPTY;EMPTY;EMPTY;EMPTY;0;0;100;100;EMPTY;2054;
GEMModule.PIVContainer.StageCurTemperatures[4];30002055;EMPTY;EMPTY;EMPTY;EMPTY;EMPTY;0;0;100;100;EMPTY;2055;
GEMModule.PIVContainer.StageCurTemperatures[5];30002056;EMPTY;EMPTY;EMPTY;EMPTY;EMPTY;0;0;100;100;EMPTY;2056;
GEMModule.PIVContainer.StageCurTemperatures[6];30002057;EMPTY;EMPTY;EMPTY;EMPTY;EMPTY;0;0;100;100;EMPTY;2057;
GEMModule.PIVContainer.StageCurTemperatures[7];30002058;EMPTY;EMPTY;EMPTY;EMPTY;EMPTY;0;0;100;100;EMPTY;2058;
GEMModule.PIVContainer.StageCurTemperatures[8];30002059;EMPTY;EMPTY;EMPTY;EMPTY;EMPTY;0;0;100;100;EMPTY;2059;
GEMModule.PIVContainer.StageCurTemperatures[9];30002060;EMPTY;EMPTY;EMPTY;EMPTY;EMPTY;0;0;100;100;EMPTY;2060;
